"001","\N","P","HEART TRANSPLANT OR IMPLANT OF HEART ASSIST SYSTEM WITH MCC","0","\N"
"002","\N","P","HEART TRANSPLANT OR IMPLANT OF HEART ASSIST SYSTEM WITHOUT MCC","0","\N"
"003","\N","P","ECMO OR TRACHEOSTOMY WITH MV >96 HOURS OR PRINCIPAL DIAGNOSIS EXCEPT FACE, MOUTH AND NECK WITH MAJOR O.R. PROCEDURES","0","\N"
"004","\N","P","TRACHEOSTOMY WITH MV >96 HOURS OR PRINCIPAL DIAGNOSIS EXCEPT FACE, MOUTH AND NECK WITHOUT MAJOR O.R. PROCEDURES","0","\N"
"005","\N","P","LIVER TRANSPLANT WITH MCC OR INTESTINAL TRANSPLANT","0","\N"
"006","\N","P","LIVER TRANSPLANT WITHOUT MCC","0","\N"
"007","\N","P","LUNG TRANSPLANT","0","\N"
"008","\N","P","SIMULTANEOUS PANCREAS AND KIDNEY TRANSPLANT","0","\N"
"010","\N","P","PANCREAS TRANSPLANT","0","\N"
"011","\N","P","TRACHEOSTOMY FOR FACE, MOUTH AND NECK DIAGNOSES OR LARYNGECTOMY WITH MCC","0","\N"
"012","\N","P","TRACHEOSTOMY FOR FACE, MOUTH AND NECK DIAGNOSES OR LARYNGECTOMY WITH CC","0","\N"
"013","\N","P","TRACHEOSTOMY FOR FACE, MOUTH AND NECK DIAGNOSES OR LARYNGECTOMY WITHOUT CC/MCC","0","\N"
"014","\N","M","ALLOGENEIC BONE MARROW TRANSPLANT","0","\N"
"016","\N","M","AUTOLOGOUS BONE MARROW TRANSPLANT WITH CC/MCC","0","\N"
"017","\N","M","AUTOLOGOUS BONE MARROW TRANSPLANT WITHOUT CC/MCC","0","\N"
"018","\N","M","CHIMERIC ANTIGEN RECEPTOR (CAR) T-CELL AND OTHER IMMUNOTHERAPIES","0","\N"
"019","\N","P","SIMULTANEOUS PANCREAS AND KIDNEY TRANSPLANT WITH HEMODIALYSIS","0","\N"
"020","MDC 01","P","INTRACRANIAL VASCULAR PROCEDURES WITH PRINCIPAL DIAGNOSIS HEMORRHAGE WITH MCC","0","\N"
"021","MDC 01","P","INTRACRANIAL VASCULAR PROCEDURES WITH PRINCIPAL DIAGNOSIS HEMORRHAGE WITH CC","0","\N"
"022","MDC 01","P","INTRACRANIAL VASCULAR PROCEDURES WITH PRINCIPAL DIAGNOSIS HEMORRHAGE WITHOUT CC/MCC","0","\N"
"023","MDC 01","P","CRANIOTOMY WITH MAJOR DEVICE IMPLANT OR ACUTE COMPLEX CNS PRINCIPAL DIAGNOSIS WITH MCC OR CHEMOTHERAPY IMPLANT OR EPILEPSY WITH NEUROSTIMULATOR","0","\N"
"024","MDC 01","P","CRANIOTOMY WITH MAJOR DEVICE IMPLANT OR ACUTE COMPLEX CNS PRINCIPAL DIAGNOSIS WITHOUT MCC","0","\N"
"025","MDC 01","P","CRANIOTOMY AND ENDOVASCULAR INTRACRANIAL PROCEDURES WITH MCC","0","\N"
"026","MDC 01","P","CRANIOTOMY AND ENDOVASCULAR INTRACRANIAL PROCEDURES WITH CC","0","\N"
"027","MDC 01","P","CRANIOTOMY AND ENDOVASCULAR INTRACRANIAL PROCEDURES WITHOUT CC/MCC","0","\N"
"028","MDC 01","P","SPINAL PROCEDURES WITH MCC","0","\N"
"029","MDC 01","P","SPINAL PROCEDURES WITH CC OR SPINAL NEUROSTIMULATORS","0","\N"
"030","MDC 01","P","SPINAL PROCEDURES WITHOUT CC/MCC","0","\N"
"031","MDC 01","P","VENTRICULAR SHUNT PROCEDURES WITH MCC","0","\N"
"032","MDC 01","P","VENTRICULAR SHUNT PROCEDURES WITH CC","0","\N"
"033","MDC 01","P","VENTRICULAR SHUNT PROCEDURES WITHOUT CC/MCC","0","\N"
"034","MDC 01","P","CAROTID ARTERY STENT PROCEDURES WITH MCC","0","\N"
"035","MDC 01","P","CAROTID ARTERY STENT PROCEDURES WITH CC","0","\N"
"036","MDC 01","P","CAROTID ARTERY STENT PROCEDURES WITHOUT CC/MCC","0","\N"
"037","MDC 01","P","EXTRACRANIAL PROCEDURES WITH MCC","0","\N"
"038","MDC 01","P","EXTRACRANIAL PROCEDURES WITH CC","0","\N"
"039","MDC 01","P","EXTRACRANIAL PROCEDURES WITHOUT CC/MCC","0","\N"
"040","MDC 01","P","PERIPHERAL, CRANIAL NERVE AND OTHER NERVOUS SYSTEM PROCEDURES WITH MCC","0","\N"
"041","MDC 01","P","PERIPHERAL, CRANIAL NERVE AND OTHER NERVOUS SYSTEM PROCEDURES WITH CC OR PERIPHERAL NEUROSTIMULATOR","0","\N"
"042","MDC 01","P","PERIPHERAL, CRANIAL NERVE AND OTHER NERVOUS SYSTEM PROCEDURES WITHOUT CC/MCC","0","\N"
"052","MDC 01","M","SPINAL DISORDERS AND INJURIES WITH CC/MCC","0","\N"
"053","MDC 01","M","SPINAL DISORDERS AND INJURIES WITHOUT CC/MCC","0","\N"
"054","MDC 01","M","NERVOUS SYSTEM NEOPLASMS WITH MCC","0","\N"
"055","MDC 01","M","NERVOUS SYSTEM NEOPLASMS WITHOUT MCC","0","\N"
"056","MDC 01","M","DEGENERATIVE NERVOUS SYSTEM DISORDERS WITH MCC","0","\N"
"057","MDC 01","M","DEGENERATIVE NERVOUS SYSTEM DISORDERS WITHOUT MCC","0","\N"
"058","MDC 01","M","MULTIPLE SCLEROSIS AND CEREBELLAR ATAXIA WITH MCC","0","\N"
"059","MDC 01","M","MULTIPLE SCLEROSIS AND CEREBELLAR ATAXIA WITH CC","0","\N"
"060","MDC 01","M","MULTIPLE SCLEROSIS AND CEREBELLAR ATAXIA WITHOUT CC/MCC","0","\N"
"061","MDC 01","M","ISCHEMIC STROKE, PRECEREBRAL OCCLUSION OR TRANSIENT ISCHEMIA WITH THROMBOLYTIC AGENT WITH MCC","0","\N"
"062","MDC 01","M","ISCHEMIC STROKE, PRECEREBRAL OCCLUSION OR TRANSIENT ISCHEMIA WITH THROMBOLYTIC AGENT WITH CC","0","\N"
"063","MDC 01","M","ISCHEMIC STROKE, PRECEREBRAL OCCLUSION OR TRANSIENT ISCHEMIA WITH THROMBOLYTIC AGENT WITHOUT CC/MCC","0","\N"
"064","MDC 01","M","INTRACRANIAL HEMORRHAGE OR CEREBRAL INFARCTION WITH MCC","0","\N"
"065","MDC 01","M","INTRACRANIAL HEMORRHAGE OR CEREBRAL INFARCTION WITH CC OR TPA IN 24 HOURS","0","\N"
"066","MDC 01","M","INTRACRANIAL HEMORRHAGE OR CEREBRAL INFARCTION WITHOUT CC/MCC","0","\N"
"067","MDC 01","M","NONSPECIFIC CVA AND PRECEREBRAL OCCLUSION WITHOUT INFARCTION WITH MCC","0","\N"
"068","MDC 01","M","NONSPECIFIC CVA AND PRECEREBRAL OCCLUSION WITHOUT INFARCTION WITHOUT MCC","0","\N"
"069","MDC 01","M","TRANSIENT ISCHEMIA WITHOUT THROMBOLYTIC","0","\N"
"070","MDC 01","M","NONSPECIFIC CEREBROVASCULAR DISORDERS WITH MCC","0","\N"
"071","MDC 01","M","NONSPECIFIC CEREBROVASCULAR DISORDERS WITH CC","0","\N"
"072","MDC 01","M","NONSPECIFIC CEREBROVASCULAR DISORDERS WITHOUT CC/MCC","0","\N"
"073","MDC 01","M","CRANIAL AND PERIPHERAL NERVE DISORDERS WITH MCC","0","\N"
"074","MDC 01","M","CRANIAL AND PERIPHERAL NERVE DISORDERS WITHOUT MCC","0","\N"
"075","MDC 01","M","VIRAL MENINGITIS WITH CC/MCC","0","\N"
"076","MDC 01","M","VIRAL MENINGITIS WITHOUT CC/MCC","0","\N"
"077","MDC 01","M","HYPERTENSIVE ENCEPHALOPATHY WITH MCC","0","\N"
"078","MDC 01","M","HYPERTENSIVE ENCEPHALOPATHY WITH CC","0","\N"
"079","MDC 01","M","HYPERTENSIVE ENCEPHALOPATHY WITHOUT CC/MCC","0","\N"
"080","MDC 01","M","NONTRAUMATIC STUPOR AND COMA WITH MCC","0","\N"
"081","MDC 01","M","NONTRAUMATIC STUPOR AND COMA WITHOUT MCC","0","\N"
"082","MDC 01","M","TRAUMATIC STUPOR AND COMA >1 HOUR WITH MCC","0","\N"
"083","MDC 01","M","TRAUMATIC STUPOR AND COMA >1 HOUR WITH CC","0","\N"
"084","MDC 01","M","TRAUMATIC STUPOR AND COMA >1 HOUR WITHOUT CC/MCC","0","\N"
"085","MDC 01","M","TRAUMATIC STUPOR AND COMA <1 HOUR WITH MCC","0","\N"
"086","MDC 01","M","TRAUMATIC STUPOR AND COMA <1 HOUR WITH CC","0","\N"
"087","MDC 01","M","TRAUMATIC STUPOR AND COMA <1 HOUR WITHOUT CC/MCC","0","\N"
"088","MDC 01","M","CONCUSSION WITH MCC","0","\N"
"089","MDC 01","M","CONCUSSION WITH CC","0","\N"
"090","MDC 01","M","CONCUSSION WITHOUT CC/MCC","0","\N"
"091","MDC 01","M","OTHER DISORDERS OF NERVOUS SYSTEM WITH MCC","0","\N"
"092","MDC 01","M","OTHER DISORDERS OF NERVOUS SYSTEM WITH CC","0","\N"
"093","MDC 01","M","OTHER DISORDERS OF NERVOUS SYSTEM WITHOUT CC/MCC","0","\N"
"094","MDC 01","M","BACTERIAL AND TUBERCULOUS INFECTIONS OF NERVOUS SYSTEM WITH MCC","0","\N"
"095","MDC 01","M","BACTERIAL AND TUBERCULOUS INFECTIONS OF NERVOUS SYSTEM WITH CC","0","\N"
"096","MDC 01","M","BACTERIAL AND TUBERCULOUS INFECTIONS OF NERVOUS SYSTEM WITHOUT CC/MCC","0","\N"
"097","MDC 01","M","NON-BACTERIAL INFECTION OF NERVOUS SYSTEM EXCEPT VIRAL MENINGITIS WITH MCC","0","\N"
"098","MDC 01","M","NON-BACTERIAL INFECTION OF NERVOUS SYSTEM EXCEPT VIRAL MENINGITIS WITH CC","0","\N"
"099","MDC 01","M","NON-BACTERIAL INFECTION OF NERVOUS SYSTEM EXCEPT VIRAL MENINGITIS WITHOUT CC/MCC","0","\N"
"100","MDC 01","M","SEIZURES WITH MCC","0","\N"
"101","MDC 01","M","SEIZURES WITHOUT MCC","0","\N"
"102","MDC 01","M","HEADACHES WITH MCC","0","\N"
"103","MDC 01","M","HEADACHES WITHOUT MCC","0","\N"
"113","MDC 02","P","ORBITAL PROCEDURES WITH CC/MCC","0","\N"
"114","MDC 02","P","ORBITAL PROCEDURES WITHOUT CC/MCC","0","\N"
"115","MDC 02","P","EXTRAOCULAR PROCEDURES EXCEPT ORBIT","0","\N"
"116","MDC 02","P","INTRAOCULAR PROCEDURES WITH CC/MCC","0","\N"
"117","MDC 02","P","INTRAOCULAR PROCEDURES WITHOUT CC/MCC","0","\N"
"121","MDC 02","M","ACUTE MAJOR EYE INFECTIONS WITH CC/MCC","0","\N"
"122","MDC 02","M","ACUTE MAJOR EYE INFECTIONS WITHOUT CC/MCC","0","\N"
"123","MDC 02","M","NEUROLOGICAL EYE DISORDERS","0","\N"
"124","MDC 02","M","OTHER DISORDERS OF THE EYE WITH MCC OR THROMBOLYTIC AGENT","0","\N"
"125","MDC 02","M","OTHER DISORDERS OF THE EYE WITHOUT MCC","0","\N"
"135","MDC 03","P","SINUS AND MASTOID PROCEDURES WITH CC/MCC","0","\N"
"136","MDC 03","P","SINUS AND MASTOID PROCEDURES WITHOUT CC/MCC","0","\N"
"137","MDC 03","P","MOUTH PROCEDURES WITH CC/MCC","0","\N"
"138","MDC 03","P","MOUTH PROCEDURES WITHOUT CC/MCC","0","\N"
"139","MDC 03","P","SALIVARY GLAND PROCEDURES","0","\N"
"140","MDC 03","P","MAJOR HEAD AND NECK PROCEDURES WITH MCC","0","\N"
"141","MDC 03","P","MAJOR HEAD AND NECK PROCEDURES WITH CC","0","\N"
"142","MDC 03","P","MAJOR HEAD AND NECK PROCEDURES WITHOUT CC/MCC","0","\N"
"143","MDC 03","P","OTHER EAR, NOSE, MOUTH AND THROAT O.R. PROCEDURES WITH MCC","0","\N"
"144","MDC 03","P","OTHER EAR, NOSE, MOUTH AND THROAT O.R. PROCEDURES WITH CC","0","\N"
"145","MDC 03","P","OTHER EAR, NOSE, MOUTH AND THROAT O.R. PROCEDURES WITHOUT CC/MCC","0","\N"
"146","MDC 03","M","EAR, NOSE, MOUTH AND THROAT MALIGNANCY WITH MCC","0","\N"
"147","MDC 03","M","EAR, NOSE, MOUTH AND THROAT MALIGNANCY WITH CC","0","\N"
"148","MDC 03","M","EAR, NOSE, MOUTH AND THROAT MALIGNANCY WITHOUT CC/MCC","0","\N"
"149","MDC 03","M","DYSEQUILIBRIUM","0","\N"
"150","MDC 03","M","EPISTAXIS WITH MCC","0","\N"
"151","MDC 03","M","EPISTAXIS WITHOUT MCC","0","\N"
"152","MDC 03","M","OTITIS MEDIA AND URI WITH MCC","0","\N"
"153","MDC 03","M","OTITIS MEDIA AND URI WITHOUT MCC","0","\N"
"154","MDC 03","M","OTHER EAR, NOSE, MOUTH AND THROAT DIAGNOSES WITH MCC","0","\N"
"155","MDC 03","M","OTHER EAR, NOSE, MOUTH AND THROAT DIAGNOSES WITH CC","0","\N"
"156","MDC 03","M","OTHER EAR, NOSE, MOUTH AND THROAT DIAGNOSES WITHOUT CC/MCC","0","\N"
"157","MDC 03","M","DENTAL AND ORAL DISEASES WITH MCC","0","\N"
"158","MDC 03","M","DENTAL AND ORAL DISEASES WITH CC","0","\N"
"159","MDC 03","M","DENTAL AND ORAL DISEASES WITHOUT CC/MCC","0","\N"
"163","MDC 04","P","MAJOR CHEST PROCEDURES WITH MCC","0","\N"
"164","MDC 04","P","MAJOR CHEST PROCEDURES WITH CC","0","\N"
"165","MDC 04","P","MAJOR CHEST PROCEDURES WITHOUT CC/MCC","0","\N"
"166","MDC 04","P","OTHER RESPIRATORY SYSTEM O.R. PROCEDURES WITH MCC","0","\N"
"167","MDC 04","P","OTHER RESPIRATORY SYSTEM O.R. PROCEDURES WITH CC","0","\N"
"168","MDC 04","P","OTHER RESPIRATORY SYSTEM O.R. PROCEDURES WITHOUT CC/MCC","0","\N"
"173","MDC 04","P","ULTRASOUND ACCELERATED AND OTHER THROMBOLYSIS WITH PRINCIPAL DIAGNOSIS PULMONARY EMBOLISM","0","\N"
"175","MDC 04","M","PULMONARY EMBOLISM WITH MCC OR ACUTE COR PULMONALE","0","\N"
"176","MDC 04","M","PULMONARY EMBOLISM WITHOUT MCC","0","\N"
"177","MDC 04","M","RESPIRATORY INFECTIONS AND INFLAMMATIONS WITH MCC","0","\N"
"178","MDC 04","M","RESPIRATORY INFECTIONS AND INFLAMMATIONS WITH CC","0","\N"
"179","MDC 04","M","RESPIRATORY INFECTIONS AND INFLAMMATIONS WITHOUT CC/MCC","0","\N"
"180","MDC 04","M","RESPIRATORY NEOPLASMS WITH MCC","0","\N"
"181","MDC 04","M","RESPIRATORY NEOPLASMS WITH CC","0","\N"
"182","MDC 04","M","RESPIRATORY NEOPLASMS WITHOUT CC/MCC","0","\N"
"183","MDC 04","M","MAJOR CHEST TRAUMA WITH MCC","0","\N"
"184","MDC 04","M","MAJOR CHEST TRAUMA WITH CC","0","\N"
"185","MDC 04","M","MAJOR CHEST TRAUMA WITHOUT CC/MCC","0","\N"
"186","MDC 04","M","PLEURAL EFFUSION WITH MCC","0","\N"
"187","MDC 04","M","PLEURAL EFFUSION WITH CC","0","\N"
"188","MDC 04","M","PLEURAL EFFUSION WITHOUT CC/MCC","0","\N"
"189","MDC 04","M","PULMONARY EDEMA AND RESPIRATORY FAILURE","0","\N"
"190","MDC 04","M","CHRONIC OBSTRUCTIVE PULMONARY DISEASE WITH MCC","0","\N"
"191","MDC 04","M","CHRONIC OBSTRUCTIVE PULMONARY DISEASE WITH CC","0","\N"
"192","MDC 04","M","CHRONIC OBSTRUCTIVE PULMONARY DISEASE WITHOUT CC/MCC","0","\N"
"193","MDC 04","M","SIMPLE PNEUMONIA AND PLEURISY WITH MCC","0","\N"
"194","MDC 04","M","SIMPLE PNEUMONIA AND PLEURISY WITH CC","0","\N"
"195","MDC 04","M","SIMPLE PNEUMONIA AND PLEURISY WITHOUT CC/MCC","0","\N"
"196","MDC 04","M","INTERSTITIAL LUNG DISEASE WITH MCC","0","\N"
"197","MDC 04","M","INTERSTITIAL LUNG DISEASE WITH CC","0","\N"
"198","MDC 04","M","INTERSTITIAL LUNG DISEASE WITHOUT CC/MCC","0","\N"
"199","MDC 04","M","PNEUMOTHORAX WITH MCC","0","\N"
"200","MDC 04","M","PNEUMOTHORAX WITH CC","0","\N"
"201","MDC 04","M","PNEUMOTHORAX WITHOUT CC/MCC","0","\N"
"202","MDC 04","M","BRONCHITIS AND ASTHMA WITH CC/MCC","0","\N"
"203","MDC 04","M","BRONCHITIS AND ASTHMA WITHOUT CC/MCC","0","\N"
"204","MDC 04","M","RESPIRATORY SIGNS AND SYMPTOMS","0","\N"
"205","MDC 04","M","OTHER RESPIRATORY SYSTEM DIAGNOSES WITH MCC","0","\N"
"206","MDC 04","M","OTHER RESPIRATORY SYSTEM DIAGNOSES WITHOUT MCC","0","\N"
"207","MDC 04","M","RESPIRATORY SYSTEM DIAGNOSIS WITH VENTILATOR SUPPORT >96 HOURS","0","\N"
"208","MDC 04","M","RESPIRATORY SYSTEM DIAGNOSIS WITH VENTILATOR SUPPORT <=96 HOURS","0","\N"
"212","MDC 05","P","CONCOMITANT AORTIC AND MITRAL VALVE PROCEDURES","0","\N"
"215","MDC 05","P","OTHER HEART ASSIST SYSTEM IMPLANT","0","\N"
"216","MDC 05","P","CARDIAC VALVE AND OTHER MAJOR CARDIOTHORACIC PROCEDURES WITH CARDIAC CATHETERIZATION WITH MCC","0","\N"
"217","MDC 05","P","CARDIAC VALVE AND OTHER MAJOR CARDIOTHORACIC PROCEDURES WITH CARDIAC CATHETERIZATION WITH CC","0","\N"
"218","MDC 05","P","CARDIAC VALVE AND OTHER MAJOR CARDIOTHORACIC PROCEDURES WITH CARDIAC CATHETERIZATION WITHOUT CC/MCC","0","\N"
"219","MDC 05","P","CARDIAC VALVE AND OTHER MAJOR CARDIOTHORACIC PROCEDURES WITHOUT CARDIAC CATHETERIZATION WITH MCC","0","\N"
"220","MDC 05","P","CARDIAC VALVE AND OTHER MAJOR CARDIOTHORACIC PROCEDURES WITHOUT CARDIAC CATHETERIZATION WITH CC","0","\N"
"221","MDC 05","P","CARDIAC VALVE AND OTHER MAJOR CARDIOTHORACIC PROCEDURES WITHOUT CARDIAC CATHETERIZATION WITHOUT CC/MCC","0","\N"
"228","MDC 05","P","OTHER CARDIOTHORACIC PROCEDURES WITH MCC","0","\N"
"229","MDC 05","P","OTHER CARDIOTHORACIC PROCEDURES WITHOUT MCC","0","\N"
"231","MDC 05","P","CORONARY BYPASS WITH PTCA WITH MCC","0","\N"
"232","MDC 05","P","CORONARY BYPASS WITH PTCA WITHOUT MCC","0","\N"
"233","MDC 05","P","CORONARY BYPASS WITH CARDIAC CATHETERIZATION OR OPEN ABLATION WITH MCC","0","\N"
"234","MDC 05","P","CORONARY BYPASS WITH CARDIAC CATHETERIZATION OR OPEN ABLATION WITHOUT MCC","0","\N"
"235","MDC 05","P","CORONARY BYPASS WITHOUT CARDIAC CATHETERIZATION WITH MCC","0","\N"
"236","MDC 05","P","CORONARY BYPASS WITHOUT CARDIAC CATHETERIZATION WITHOUT MCC","0","\N"
"239","MDC 05","P","AMPUTATION FOR CIRCULATORY SYSTEM DISORDERS EXCEPT UPPER LIMB AND TOE WITH MCC","0","\N"
"240","MDC 05","P","AMPUTATION FOR CIRCULATORY SYSTEM DISORDERS EXCEPT UPPER LIMB AND TOE WITH CC","0","\N"
"241","MDC 05","P","AMPUTATION FOR CIRCULATORY SYSTEM DISORDERS EXCEPT UPPER LIMB AND TOE WITHOUT CC/MCC","0","\N"
"242","MDC 05","P","PERMANENT CARDIAC PACEMAKER IMPLANT WITH MCC","0","\N"
"243","MDC 05","P","PERMANENT CARDIAC PACEMAKER IMPLANT WITH CC","0","\N"
"244","MDC 05","P","PERMANENT CARDIAC PACEMAKER IMPLANT WITHOUT CC/MCC","0","\N"
"245","MDC 05","P","AICD GENERATOR PROCEDURES","0","\N"
"250","MDC 05","P","PERCUTANEOUS CARDIOVASCULAR PROCEDURES WITHOUT INTRALUMINAL DEVICE WITH MCC","0","\N"
"251","MDC 05","P","PERCUTANEOUS CARDIOVASCULAR PROCEDURES WITHOUT INTRALUMINAL DEVICE WITHOUT MCC","0","\N"
"252","MDC 05","P","OTHER VASCULAR PROCEDURES WITH MCC","0","\N"
"253","MDC 05","P","OTHER VASCULAR PROCEDURES WITH CC","0","\N"
"254","MDC 05","P","OTHER VASCULAR PROCEDURES WITHOUT CC/MCC","0","\N"
"255","MDC 05","P","UPPER LIMB AND TOE AMPUTATION FOR CIRCULATORY SYSTEM DISORDERS WITH MCC","0","\N"
"256","MDC 05","P","UPPER LIMB AND TOE AMPUTATION FOR CIRCULATORY SYSTEM DISORDERS WITH CC","0","\N"
"257","MDC 05","P","UPPER LIMB AND TOE AMPUTATION FOR CIRCULATORY SYSTEM DISORDERS WITHOUT CC/MCC","0","\N"
"258","MDC 05","P","CARDIAC PACEMAKER DEVICE REPLACEMENT WITH MCC","0","\N"
"259","MDC 05","P","CARDIAC PACEMAKER DEVICE REPLACEMENT WITHOUT MCC","0","\N"
"260","MDC 05","P","CARDIAC PACEMAKER REVISION EXCEPT DEVICE REPLACEMENT WITH MCC","0","\N"
"261","MDC 05","P","CARDIAC PACEMAKER REVISION EXCEPT DEVICE REPLACEMENT WITH CC","0","\N"
"262","MDC 05","P","CARDIAC PACEMAKER REVISION EXCEPT DEVICE REPLACEMENT WITHOUT CC/MCC","0","\N"
"263","MDC 05","P","VEIN LIGATION AND STRIPPING","0","\N"
"264","MDC 05","P","OTHER CIRCULATORY SYSTEM O.R. PROCEDURES","0","\N"
"265","MDC 05","P","AICD LEAD PROCEDURES","0","\N"
"266","MDC 05","P","ENDOVASCULAR CARDIAC VALVE REPLACEMENT AND SUPPLEMENT PROCEDURES WITH MCC","0","\N"
"267","MDC 05","P","ENDOVASCULAR CARDIAC VALVE REPLACEMENT AND SUPPLEMENT PROCEDURES WITHOUT MCC","0","\N"
"268","MDC 05","P","AORTIC AND HEART ASSIST PROCEDURES EXCEPT PULSATION BALLOON WITH MCC","0","\N"
"269","MDC 05","P","AORTIC AND HEART ASSIST PROCEDURES EXCEPT PULSATION BALLOON WITHOUT MCC","0","\N"
"270","MDC 05","P","OTHER MAJOR CARDIOVASCULAR PROCEDURES WITH MCC","0","\N"
"271","MDC 05","P","OTHER MAJOR CARDIOVASCULAR PROCEDURES WITH CC","0","\N"
"272","MDC 05","P","OTHER MAJOR CARDIOVASCULAR PROCEDURES WITHOUT CC/MCC","0","\N"
"273","MDC 05","P","PERCUTANEOUS AND OTHER INTRACARDIAC PROCEDURES WITH MCC","0","\N"
"274","MDC 05","P","PERCUTANEOUS AND OTHER INTRACARDIAC PROCEDURES WITHOUT MCC","0","\N"
"275","MDC 05","P","CARDIAC DEFIBRILLATOR IMPLANT WITH CARDIAC CATHETERIZATION AND MCC","0","\N"
"276","MDC 05","P","CARDIAC DEFIBRILLATOR IMPLANT WITH MCC","0","\N"
"277","MDC 05","P","CARDIAC DEFIBRILLATOR IMPLANT WITHOUT MCC","0","\N"
"278","MDC 05","P","ULTRASOUND ACCELERATED AND OTHER THROMBOLYSIS OF PERIPHERAL VASCULAR STRUCTURES WITH MCC","0","\N"
"279","MDC 05","P","ULTRASOUND ACCELERATED AND OTHER THROMBOLYSIS OF PERIPHERAL VASCULAR STRUCTURES WITHOUT MCC","0","\N"
"280","MDC 05","M","ACUTE MYOCARDIAL INFARCTION, DISCHARGED ALIVE WITH MCC","0","\N"
"281","MDC 05","M","ACUTE MYOCARDIAL INFARCTION, DISCHARGED ALIVE WITH CC","0","\N"
"282","MDC 05","M","ACUTE MYOCARDIAL INFARCTION, DISCHARGED ALIVE WITHOUT CC/MCC","0","\N"
"283","MDC 05","M","ACUTE MYOCARDIAL INFARCTION, EXPIRED WITH MCC","0","\N"
"284","MDC 05","M","ACUTE MYOCARDIAL INFARCTION, EXPIRED WITH CC","0","\N"
"285","MDC 05","M","ACUTE MYOCARDIAL INFARCTION, EXPIRED WITHOUT CC/MCC","0","\N"
"286","MDC 05","M","CIRCULATORY DISORDERS EXCEPT AMI, WITH CARDIAC CATHETERIZATION WITH MCC","0","\N"
"287","MDC 05","M","CIRCULATORY DISORDERS EXCEPT AMI, WITH CARDIAC CATHETERIZATION WITHOUT MCC","0","\N"
"288","MDC 05","M","ACUTE AND SUBACUTE ENDOCARDITIS WITH MCC","0","\N"
"289","MDC 05","M","ACUTE AND SUBACUTE ENDOCARDITIS WITH CC","0","\N"
"290","MDC 05","M","ACUTE AND SUBACUTE ENDOCARDITIS WITHOUT CC/MCC","0","\N"
"291","MDC 05","M","HEART FAILURE AND SHOCK WITH MCC","0","\N"
"292","MDC 05","M","HEART FAILURE AND SHOCK WITH CC","0","\N"
"293","MDC 05","M","HEART FAILURE AND SHOCK WITHOUT CC/MCC","0","\N"
"294","MDC 05","M","DEEP VEIN THROMBOPHLEBITIS WITH CC/MCC","0","\N"
"295","MDC 05","M","DEEP VEIN THROMBOPHLEBITIS WITHOUT CC/MCC","0","\N"
"296","MDC 05","M","CARDIAC ARREST, UNEXPLAINED WITH MCC","0","\N"
"297","MDC 05","M","CARDIAC ARREST, UNEXPLAINED WITH CC","0","\N"
"298","MDC 05","M","CARDIAC ARREST, UNEXPLAINED WITHOUT CC/MCC","0","\N"
"299","MDC 05","M","PERIPHERAL VASCULAR DISORDERS WITH MCC","0","\N"
"300","MDC 05","M","PERIPHERAL VASCULAR DISORDERS WITH CC","0","\N"
"301","MDC 05","M","PERIPHERAL VASCULAR DISORDERS WITHOUT CC/MCC","0","\N"
"302","MDC 05","M","ATHEROSCLEROSIS WITH MCC","0","\N"
"303","MDC 05","M","ATHEROSCLEROSIS WITHOUT MCC","0","\N"
"304","MDC 05","M","HYPERTENSION WITH MCC","0","\N"
"305","MDC 05","M","HYPERTENSION WITHOUT MCC","0","\N"
"306","MDC 05","M","CARDIAC CONGENITAL AND VALVULAR DISORDERS WITH MCC","0","\N"
"307","MDC 05","M","CARDIAC CONGENITAL AND VALVULAR DISORDERS WITHOUT MCC","0","\N"
"308","MDC 05","M","CARDIAC ARRHYTHMIA AND CONDUCTION DISORDERS WITH MCC","0","\N"
"309","MDC 05","M","CARDIAC ARRHYTHMIA AND CONDUCTION DISORDERS WITH CC","0","\N"
"310","MDC 05","M","CARDIAC ARRHYTHMIA AND CONDUCTION DISORDERS WITHOUT CC/MCC","0","\N"
"311","MDC 05","M","ANGINA PECTORIS","0","\N"
"312","MDC 05","M","SYNCOPE AND COLLAPSE","0","\N"
"313","MDC 05","M","CHEST PAIN","0","\N"
"314","MDC 05","M","OTHER CIRCULATORY SYSTEM DIAGNOSES WITH MCC","0","\N"
"315","MDC 05","M","OTHER CIRCULATORY SYSTEM DIAGNOSES WITH CC","0","\N"
"316","MDC 05","M","OTHER CIRCULATORY SYSTEM DIAGNOSES WITHOUT CC/MCC","0","\N"
"319","MDC 05","P","OTHER ENDOVASCULAR CARDIAC VALVE PROCEDURES WITH MCC","0","\N"
"320","MDC 05","P","OTHER ENDOVASCULAR CARDIAC VALVE PROCEDURES WITHOUT MCC","0","\N"
"321","MDC 05","P","PERCUTANEOUS CARDIOVASCULAR PROCEDURES WITH INTRALUMINAL DEVICE WITH MCC OR 4+ ARTERIES/INTRALUMINAL DEVICES","0","\N"
"322","MDC 05","P","PERCUTANEOUS CARDIOVASCULAR PROCEDURES WITH INTRALUMINAL DEVICE WITHOUT MCC","0","\N"
"323","MDC 05","P","CORONARY INTRAVASCULAR LITHOTRIPSY WITH INTRALUMINAL DEVICE WITH MCC","0","\N"
"324","MDC 05","P","CORONARY INTRAVASCULAR LITHOTRIPSY WITH INTRALUMINAL DEVICE WITHOUT MCC","0","\N"
"325","MDC 05","P","CORONARY INTRAVASCULAR LITHOTRIPSY WITHOUT INTRALUMINAL DEVICE","0","\N"
"326","MDC 06","P","STOMACH, ESOPHAGEAL AND DUODENAL PROCEDURES WITH MCC","0","\N"
"327","MDC 06","P","STOMACH, ESOPHAGEAL AND DUODENAL PROCEDURES WITH CC","0","\N"
"328","MDC 06","P","STOMACH, ESOPHAGEAL AND DUODENAL PROCEDURES WITHOUT CC/MCC","0","\N"
"329","MDC 06","P","MAJOR SMALL AND LARGE BOWEL PROCEDURES WITH MCC","0","\N"
"330","MDC 06","P","MAJOR SMALL AND LARGE BOWEL PROCEDURES WITH CC","0","\N"
"331","MDC 06","P","MAJOR SMALL AND LARGE BOWEL PROCEDURES WITHOUT CC/MCC","0","\N"
"332","MDC 06","P","RECTAL RESECTION WITH MCC","0","\N"
"333","MDC 06","P","RECTAL RESECTION WITH CC","0","\N"
"334","MDC 06","P","RECTAL RESECTION WITHOUT CC/MCC","0","\N"
"335","MDC 06","P","PERITONEAL ADHESIOLYSIS WITH MCC","0","\N"
"336","MDC 06","P","PERITONEAL ADHESIOLYSIS WITH CC","0","\N"
"337","MDC 06","P","PERITONEAL ADHESIOLYSIS WITHOUT CC/MCC","0","\N"
"344","MDC 06","P","MINOR SMALL AND LARGE BOWEL PROCEDURES WITH MCC","0","\N"
"345","MDC 06","P","MINOR SMALL AND LARGE BOWEL PROCEDURES WITH CC","0","\N"
"346","MDC 06","P","MINOR SMALL AND LARGE BOWEL PROCEDURES WITHOUT CC/MCC","0","\N"
"347","MDC 06","P","ANAL AND STOMAL PROCEDURES WITH MCC","0","\N"
"348","MDC 06","P","ANAL AND STOMAL PROCEDURES WITH CC","0","\N"
"349","MDC 06","P","ANAL AND STOMAL PROCEDURES WITHOUT CC/MCC","0","\N"
"350","MDC 06","P","INGUINAL AND FEMORAL HERNIA PROCEDURES WITH MCC","0","\N"
"351","MDC 06","P","INGUINAL AND FEMORAL HERNIA PROCEDURES WITH CC","0","\N"
"352","MDC 06","P","INGUINAL AND FEMORAL HERNIA PROCEDURES WITHOUT CC/MCC","0","\N"
"353","MDC 06","P","HERNIA PROCEDURES EXCEPT INGUINAL AND FEMORAL WITH MCC","0","\N"
"354","MDC 06","P","HERNIA PROCEDURES EXCEPT INGUINAL AND FEMORAL WITH CC","0","\N"
"355","MDC 06","P","HERNIA PROCEDURES EXCEPT INGUINAL AND FEMORAL WITHOUT CC/MCC","0","\N"
"356","MDC 06","P","OTHER DIGESTIVE SYSTEM O.R. PROCEDURES WITH MCC","0","\N"
"357","MDC 06","P","OTHER DIGESTIVE SYSTEM O.R. PROCEDURES WITH CC","0","\N"
"358","MDC 06","P","OTHER DIGESTIVE SYSTEM O.R. PROCEDURES WITHOUT CC/MCC","0","\N"
"368","MDC 06","M","MAJOR ESOPHAGEAL DISORDERS WITH MCC","0","\N"
"369","MDC 06","M","MAJOR ESOPHAGEAL DISORDERS WITH CC","0","\N"
"370","MDC 06","M","MAJOR ESOPHAGEAL DISORDERS WITHOUT CC/MCC","0","\N"
"371","MDC 06","M","MAJOR GASTROINTESTINAL DISORDERS AND PERITONEAL INFECTIONS WITH MCC","0","\N"
"372","MDC 06","M","MAJOR GASTROINTESTINAL DISORDERS AND PERITONEAL INFECTIONS WITH CC","0","\N"
"373","MDC 06","M","MAJOR GASTROINTESTINAL DISORDERS AND PERITONEAL INFECTIONS WITHOUT CC/MCC","0","\N"
"374","MDC 06","M","DIGESTIVE MALIGNANCY WITH MCC","0","\N"
"375","MDC 06","M","DIGESTIVE MALIGNANCY WITH CC","0","\N"
"376","MDC 06","M","DIGESTIVE MALIGNANCY WITHOUT CC/MCC","0","\N"
"377","MDC 06","M","GASTROINTESTINAL HEMORRHAGE WITH MCC","0","\N"
"378","MDC 06","M","GASTROINTESTINAL HEMORRHAGE WITH CC","0","\N"
"379","MDC 06","M","GASTROINTESTINAL HEMORRHAGE WITHOUT CC/MCC","0","\N"
"380","MDC 06","M","COMPLICATED PEPTIC ULCER WITH MCC","0","\N"
"381","MDC 06","M","COMPLICATED PEPTIC ULCER WITH CC","0","\N"
"382","MDC 06","M","COMPLICATED PEPTIC ULCER WITHOUT CC/MCC","0","\N"
"383","MDC 06","M","UNCOMPLICATED PEPTIC ULCER WITH MCC","0","\N"
"384","MDC 06","M","UNCOMPLICATED PEPTIC ULCER WITHOUT MCC","0","\N"
"385","MDC 06","M","INFLAMMATORY BOWEL DISEASE WITH MCC","0","\N"
"386","MDC 06","M","INFLAMMATORY BOWEL DISEASE WITH CC","0","\N"
"387","MDC 06","M","INFLAMMATORY BOWEL DISEASE WITHOUT CC/MCC","0","\N"
"388","MDC 06","M","GASTROINTESTINAL OBSTRUCTION WITH MCC","0","\N"
"389","MDC 06","M","GASTROINTESTINAL OBSTRUCTION WITH CC","0","\N"
"390","MDC 06","M","GASTROINTESTINAL OBSTRUCTION WITHOUT CC/MCC","0","\N"
"391","MDC 06","M","ESOPHAGITIS, GASTROENTERITIS AND MISCELLANEOUS DIGESTIVE DISORDERS WITH MCC","0","\N"
"392","MDC 06","M","ESOPHAGITIS, GASTROENTERITIS AND MISCELLANEOUS DIGESTIVE DISORDERS WITHOUT MCC","0","\N"
"393","MDC 06","M","OTHER DIGESTIVE SYSTEM DIAGNOSES WITH MCC","0","\N"
"394","MDC 06","M","OTHER DIGESTIVE SYSTEM DIAGNOSES WITH CC","0","\N"
"395","MDC 06","M","OTHER DIGESTIVE SYSTEM DIAGNOSES WITHOUT CC/MCC","0","\N"
"397","MDC 06","P","APPENDIX PROCEDURES WITH MCC","0","\N"
"398","MDC 06","P","APPENDIX PROCEDURES WITH CC","0","\N"
"399","MDC 06","P","APPENDIX PROCEDURES WITHOUT CC/MCC","0","\N"
"405","MDC 07","P","PANCREAS, LIVER AND SHUNT PROCEDURES WITH MCC","0","\N"
"406","MDC 07","P","PANCREAS, LIVER AND SHUNT PROCEDURES WITH CC","0","\N"
"407","MDC 07","P","PANCREAS, LIVER AND SHUNT PROCEDURES WITHOUT CC/MCC","0","\N"
"408","MDC 07","P","BILIARY TRACT PROCEDURES EXCEPT ONLY CHOLECYSTECTOMY WITH OR WITHOUT C.D.E. WITH MCC","0","\N"
"409","MDC 07","P","BILIARY TRACT PROCEDURES EXCEPT ONLY CHOLECYSTECTOMY WITH OR WITHOUT C.D.E. WITH CC","0","\N"
"410","MDC 07","P","BILIARY TRACT PROCEDURES EXCEPT ONLY CHOLECYSTECTOMY WITH OR WITHOUT C.D.E. WITHOUT CC/MCC","0","\N"
"411","MDC 07","P","CHOLECYSTECTOMY WITH C.D.E. WITH MCC","0","\N"
"412","MDC 07","P","CHOLECYSTECTOMY WITH C.D.E. WITH CC","0","\N"
"413","MDC 07","P","CHOLECYSTECTOMY WITH C.D.E. WITHOUT CC/MCC","0","\N"
"414","MDC 07","P","CHOLECYSTECTOMY EXCEPT BY LAPAROSCOPE WITHOUT C.D.E. WITH MCC","0","\N"
"415","MDC 07","P","CHOLECYSTECTOMY EXCEPT BY LAPAROSCOPE WITHOUT C.D.E. WITH CC","0","\N"
"416","MDC 07","P","CHOLECYSTECTOMY EXCEPT BY LAPAROSCOPE WITHOUT C.D.E. WITHOUT CC/MCC","0","\N"
"417","MDC 07","P","LAPAROSCOPIC CHOLECYSTECTOMY WITHOUT C.D.E. WITH MCC","0","\N"
"418","MDC 07","P","LAPAROSCOPIC CHOLECYSTECTOMY WITHOUT C.D.E. WITH CC","0","\N"
"419","MDC 07","P","LAPAROSCOPIC CHOLECYSTECTOMY WITHOUT C.D.E. WITHOUT CC/MCC","0","\N"
"420","MDC 07","P","HEPATOBILIARY DIAGNOSTIC PROCEDURES WITH MCC","0","\N"
"421","MDC 07","P","HEPATOBILIARY DIAGNOSTIC PROCEDURES WITH CC","0","\N"
"422","MDC 07","P","HEPATOBILIARY DIAGNOSTIC PROCEDURES WITHOUT CC/MCC","0","\N"
"423","MDC 07","P","OTHER HEPATOBILIARY OR PANCREAS O.R. PROCEDURES WITH MCC","0","\N"
"424","MDC 07","P","OTHER HEPATOBILIARY OR PANCREAS O.R. PROCEDURES WITH CC","0","\N"
"425","MDC 07","P","OTHER HEPATOBILIARY OR PANCREAS O.R. PROCEDURES WITHOUT CC/MCC","0","\N"
"432","MDC 07","M","CIRRHOSIS AND ALCOHOLIC HEPATITIS WITH MCC","0","\N"
"433","MDC 07","M","CIRRHOSIS AND ALCOHOLIC HEPATITIS WITH CC","0","\N"
"434","MDC 07","M","CIRRHOSIS AND ALCOHOLIC HEPATITIS WITHOUT CC/MCC","0","\N"
"435","MDC 07","M","MALIGNANCY OF HEPATOBILIARY SYSTEM OR PANCREAS WITH MCC","0","\N"
"436","MDC 07","M","MALIGNANCY OF HEPATOBILIARY SYSTEM OR PANCREAS WITH CC","0","\N"
"437","MDC 07","M","MALIGNANCY OF HEPATOBILIARY SYSTEM OR PANCREAS WITHOUT CC/MCC","0","\N"
"438","MDC 07","M","DISORDERS OF PANCREAS EXCEPT MALIGNANCY WITH MCC","0","\N"
"439","MDC 07","M","DISORDERS OF PANCREAS EXCEPT MALIGNANCY WITH CC","0","\N"
"440","MDC 07","M","DISORDERS OF PANCREAS EXCEPT MALIGNANCY WITHOUT CC/MCC","0","\N"
"441","MDC 07","M","DISORDERS OF LIVER EXCEPT MALIGNANCY, CIRRHOSIS OR ALCOHOLIC HEPATITIS WITH MCC","0","\N"
"442","MDC 07","M","DISORDERS OF LIVER EXCEPT MALIGNANCY, CIRRHOSIS OR ALCOHOLIC HEPATITIS WITH CC","0","\N"
"443","MDC 07","M","DISORDERS OF LIVER EXCEPT MALIGNANCY, CIRRHOSIS OR ALCOHOLIC HEPATITIS WITHOUT CC/MCC","0","\N"
"444","MDC 07","M","DISORDERS OF THE BILIARY TRACT WITH MCC","0","\N"
"445","MDC 07","M","DISORDERS OF THE BILIARY TRACT WITH CC","0","\N"
"446","MDC 07","M","DISORDERS OF THE BILIARY TRACT WITHOUT CC/MCC","0","\N"
"453","MDC 08","P","COMBINED ANTERIOR AND POSTERIOR SPINAL FUSION WITH MCC","0","\N"
"454","MDC 08","P","COMBINED ANTERIOR AND POSTERIOR SPINAL FUSION WITH CC","0","\N"
"455","MDC 08","P","COMBINED ANTERIOR AND POSTERIOR SPINAL FUSION WITHOUT CC/MCC","0","\N"
"456","MDC 08","P","SPINAL FUSION EXCEPT CERVICAL WITH SPINAL CURVATURE, MALIGNANCY, INFECTION OR EXTENSIVE FUSIONS WITH MCC","0","\N"
"457","MDC 08","P","SPINAL FUSION EXCEPT CERVICAL WITH SPINAL CURVATURE, MALIGNANCY, INFECTION OR EXTENSIVE FUSIONS WITH CC","0","\N"
"458","MDC 08","P","SPINAL FUSION EXCEPT CERVICAL WITH SPINAL CURVATURE, MALIGNANCY, INFECTION OR EXTENSIVE FUSIONS WITHOUT CC/MCC","0","\N"
"459","MDC 08","P","SPINAL FUSION EXCEPT CERVICAL WITH MCC","0","\N"
"460","MDC 08","P","SPINAL FUSION EXCEPT CERVICAL WITHOUT MCC","0","\N"
"461","MDC 08","P","BILATERAL OR MULTIPLE MAJOR JOINT PROCEDURES OF LOWER EXTREMITY WITH MCC","0","\N"
"462","MDC 08","P","BILATERAL OR MULTIPLE MAJOR JOINT PROCEDURES OF LOWER EXTREMITY WITHOUT MCC","0","\N"
"463","MDC 08","P","WOUND DEBRIDEMENT AND SKIN GRAFT EXCEPT HAND FOR MUSCULOSKELETAL AND CONNECTIVE TISSUE DISORDERS WITH MCC","0","\N"
"464","MDC 08","P","WOUND DEBRIDEMENT AND SKIN GRAFT EXCEPT HAND FOR MUSCULOSKELETAL AND CONNECTIVE TISSUE DISORDERS WITH CC","0","\N"
"465","MDC 08","P","WOUND DEBRIDEMENT AND SKIN GRAFT EXCEPT HAND FOR MUSCULOSKELETAL AND CONNECTIVE TISSUE DISORDERS WITHOUT CC/MCC","0","\N"
"466","MDC 08","P","REVISION OF HIP OR KNEE REPLACEMENT WITH MCC","0","\N"
"467","MDC 08","P","REVISION OF HIP OR KNEE REPLACEMENT WITH CC","0","\N"
"468","MDC 08","P","REVISION OF HIP OR KNEE REPLACEMENT WITHOUT CC/MCC","0","\N"
"469","MDC 08","P","MAJOR HIP AND KNEE JOINT REPLACEMENT OR REATTACHMENT OF LOWER EXTREMITY WITH MCC OR TOTAL ANKLE REPLACEMENT","0","\N"
"470","MDC 08","P","MAJOR HIP AND KNEE JOINT REPLACEMENT OR REATTACHMENT OF LOWER EXTREMITY WITHOUT MCC","0","\N"
"471","MDC 08","P","CERVICAL SPINAL FUSION WITH MCC","0","\N"
"472","MDC 08","P","CERVICAL SPINAL FUSION WITH CC","0","\N"
"473","MDC 08","P","CERVICAL SPINAL FUSION WITHOUT CC/MCC","0","\N"
"474","MDC 08","P","AMPUTATION FOR MUSCULOSKELETAL SYSTEM AND CONNECTIVE TISSUE DISORDERS WITH MCC","0","\N"
"475","MDC 08","P","AMPUTATION FOR MUSCULOSKELETAL SYSTEM AND CONNECTIVE TISSUE DISORDERS WITH CC","0","\N"
"476","MDC 08","P","AMPUTATION FOR MUSCULOSKELETAL SYSTEM AND CONNECTIVE TISSUE DISORDERS WITHOUT CC/MCC","0","\N"
"477","MDC 08","P","BIOPSIES OF MUSCULOSKELETAL SYSTEM AND CONNECTIVE TISSUE WITH MCC","0","\N"
"478","MDC 08","P","BIOPSIES OF MUSCULOSKELETAL SYSTEM AND CONNECTIVE TISSUE WITH CC","0","\N"
"479","MDC 08","P","BIOPSIES OF MUSCULOSKELETAL SYSTEM AND CONNECTIVE TISSUE WITHOUT CC/MCC","0","\N"
"480","MDC 08","P","HIP AND FEMUR PROCEDURES EXCEPT MAJOR JOINT WITH MCC","0","\N"
"481","MDC 08","P","HIP AND FEMUR PROCEDURES EXCEPT MAJOR JOINT WITH CC","0","\N"
"482","MDC 08","P","HIP AND FEMUR PROCEDURES EXCEPT MAJOR JOINT WITHOUT CC/MCC","0","\N"
"483","MDC 08","P","MAJOR JOINT OR LIMB REATTACHMENT PROCEDURES OF UPPER EXTREMITIES","0","\N"
"485","MDC 08","P","KNEE PROCEDURES WITH PRINCIPAL DIAGNOSIS OF INFECTION WITH MCC","0","\N"
"486","MDC 08","P","KNEE PROCEDURES WITH PRINCIPAL DIAGNOSIS OF INFECTION WITH CC","0","\N"
"487","MDC 08","P","KNEE PROCEDURES WITH PRINCIPAL DIAGNOSIS OF INFECTION WITHOUT CC/MCC","0","\N"
"488","MDC 08","P","KNEE PROCEDURES WITHOUT PRINCIPAL DIAGNOSIS OF INFECTION WITH CC/MCC","0","\N"
"489","MDC 08","P","KNEE PROCEDURES WITHOUT PRINCIPAL DIAGNOSIS OF INFECTION WITHOUT CC/MCC","0","\N"
"492","MDC 08","P","LOWER EXTREMITY AND HUMERUS PROCEDURES EXCEPT HIP, FOOT AND FEMUR WITH MCC","0","\N"
"493","MDC 08","P","LOWER EXTREMITY AND HUMERUS PROCEDURES EXCEPT HIP, FOOT AND FEMUR WITH CC","0","\N"
"494","MDC 08","P","LOWER EXTREMITY AND HUMERUS PROCEDURES EXCEPT HIP, FOOT AND FEMUR WITHOUT CC/MCC","0","\N"
"495","MDC 08","P","LOCAL EXCISION AND REMOVAL OF INTERNAL FIXATION DEVICES EXCEPT HIP AND FEMUR WITH MCC","0","\N"
"496","MDC 08","P","LOCAL EXCISION AND REMOVAL OF INTERNAL FIXATION DEVICES EXCEPT HIP AND FEMUR WITH CC","0","\N"
"497","MDC 08","P","LOCAL EXCISION AND REMOVAL OF INTERNAL FIXATION DEVICES EXCEPT HIP AND FEMUR WITHOUT CC/MCC","0","\N"
"498","MDC 08","P","LOCAL EXCISION AND REMOVAL OF INTERNAL FIXATION DEVICES OF HIP AND FEMUR WITH CC/MCC","0","\N"
"499","MDC 08","P","LOCAL EXCISION AND REMOVAL OF INTERNAL FIXATION DEVICES OF HIP AND FEMUR WITHOUT CC/MCC","0","\N"
"500","MDC 08","P","SOFT TISSUE PROCEDURES WITH MCC","0","\N"
"501","MDC 08","P","SOFT TISSUE PROCEDURES WITH CC","0","\N"
"502","MDC 08","P","SOFT TISSUE PROCEDURES WITHOUT CC/MCC","0","\N"
"503","MDC 08","P","FOOT PROCEDURES WITH MCC","0","\N"
"504","MDC 08","P","FOOT PROCEDURES WITH CC","0","\N"
"505","MDC 08","P","FOOT PROCEDURES WITHOUT CC/MCC","0","\N"
"506","MDC 08","P","MAJOR THUMB OR JOINT PROCEDURES","0","\N"
"507","MDC 08","P","MAJOR SHOULDER OR ELBOW JOINT PROCEDURES WITH CC/MCC","0","\N"
"508","MDC 08","P","MAJOR SHOULDER OR ELBOW JOINT PROCEDURES WITHOUT CC/MCC","0","\N"
"509","MDC 08","P","ARTHROSCOPY","0","\N"
"510","MDC 08","P","SHOULDER, ELBOW OR FOREARM PROCEDURES, EXCEPT MAJOR JOINT PROCEDURES WITH MCC","0","\N"
"511","MDC 08","P","SHOULDER, ELBOW OR FOREARM PROCEDURES, EXCEPT MAJOR JOINT PROCEDURES WITH CC","0","\N"
"512","MDC 08","P","SHOULDER, ELBOW OR FOREARM PROCEDURES, EXCEPT MAJOR JOINT PROCEDURES WITHOUT CC/MCC","0","\N"
"513","MDC 08","P","HAND OR WRIST PROCEDURES, EXCEPT MAJOR THUMB OR JOINT PROCEDURES WITH CC/MCC","0","\N"
"514","MDC 08","P","HAND OR WRIST PROCEDURES, EXCEPT MAJOR THUMB OR JOINT PROCEDURES WITHOUT CC/MCC","0","\N"
"515","MDC 08","P","OTHER MUSCULOSKELETAL SYSTEM AND CONNECTIVE TISSUE O.R. PROCEDURES WITH MCC","0","\N"
"516","MDC 08","P","OTHER MUSCULOSKELETAL SYSTEM AND CONNECTIVE TISSUE O.R. PROCEDURES WITH CC","0","\N"
"517","MDC 08","P","OTHER MUSCULOSKELETAL SYSTEM AND CONNECTIVE TISSUE O.R. PROCEDURES WITHOUT CC/MCC","0","\N"
"518","MDC 08","P","BACK AND NECK PROCEDURES EXCEPT SPINAL FUSION WITH MCC OR DISC DEVICE OR NEUROSTIMULATOR","0","\N"
"519","MDC 08","P","BACK AND NECK PROCEDURES EXCEPT SPINAL FUSION WITH CC","0","\N"
"520","MDC 08","P","BACK AND NECK PROCEDURES EXCEPT SPINAL FUSION WITHOUT CC/MCC","0","\N"
"521","MDC 08","P","HIP REPLACEMENT WITH PRINCIPAL DIAGNOSIS OF HIP FRACTURE WITH MCC","0","\N"
"522","MDC 08","P","HIP REPLACEMENT WITH PRINCIPAL DIAGNOSIS OF HIP FRACTURE WITHOUT MCC","0","\N"
"533","MDC 08","M","FRACTURES OF FEMUR WITH MCC","0","\N"
"534","MDC 08","M","FRACTURES OF FEMUR WITHOUT MCC","0","\N"
"535","MDC 08","M","FRACTURES OF HIP AND PELVIS WITH MCC","0","\N"
"536","MDC 08","M","FRACTURES OF HIP AND PELVIS WITHOUT MCC","0","\N"
"537","MDC 08","M","SPRAINS, STRAINS, AND DISLOCATIONS OF HIP, PELVIS AND THIGH WITH CC/MCC","0","\N"
"538","MDC 08","M","SPRAINS, STRAINS, AND DISLOCATIONS OF HIP, PELVIS AND THIGH WITHOUT CC/MCC","0","\N"
"539","MDC 08","M","OSTEOMYELITIS WITH MCC","0","\N"
"540","MDC 08","M","OSTEOMYELITIS WITH CC","0","\N"
"541","MDC 08","M","OSTEOMYELITIS WITHOUT CC/MCC","0","\N"
"542","MDC 08","M","PATHOLOGICAL FRACTURES AND MUSCULOSKELETAL AND CONNECTIVE TISSUE MALIGNANCY WITH MCC","0","\N"
"543","MDC 08","M","PATHOLOGICAL FRACTURES AND MUSCULOSKELETAL AND CONNECTIVE TISSUE MALIGNANCY WITH CC","0","\N"
"544","MDC 08","M","PATHOLOGICAL FRACTURES AND MUSCULOSKELETAL AND CONNECTIVE TISSUE MALIGNANCY WITHOUT CC/MCC","0","\N"
"545","MDC 08","M","CONNECTIVE TISSUE DISORDERS WITH MCC","0","\N"
"546","MDC 08","M","CONNECTIVE TISSUE DISORDERS WITH CC","0","\N"
"547","MDC 08","M","CONNECTIVE TISSUE DISORDERS WITHOUT CC/MCC","0","\N"
"548","MDC 08","M","SEPTIC ARTHRITIS WITH MCC","0","\N"
"549","MDC 08","M","SEPTIC ARTHRITIS WITH CC","0","\N"
"550","MDC 08","M","SEPTIC ARTHRITIS WITHOUT CC/MCC","0","\N"
"551","MDC 08","M","MEDICAL BACK PROBLEMS WITH MCC","0","\N"
"552","MDC 08","M","MEDICAL BACK PROBLEMS WITHOUT MCC","0","\N"
"553","MDC 08","M","BONE DISEASES AND ARTHROPATHIES WITH MCC","0","\N"
"554","MDC 08","M","BONE DISEASES AND ARTHROPATHIES WITHOUT MCC","0","\N"
"555","MDC 08","M","SIGNS AND SYMPTOMS OF MUSCULOSKELETAL SYSTEM AND CONNECTIVE TISSUE WITH MCC","0","\N"
"556","MDC 08","M","SIGNS AND SYMPTOMS OF MUSCULOSKELETAL SYSTEM AND CONNECTIVE TISSUE WITHOUT MCC","0","\N"
"557","MDC 08","M","TENDONITIS, MYOSITIS AND BURSITIS WITH MCC","0","\N"
"558","MDC 08","M","TENDONITIS, MYOSITIS AND BURSITIS WITHOUT MCC","0","\N"
"559","MDC 08","M","AFTERCARE, MUSCULOSKELETAL SYSTEM AND CONNECTIVE TISSUE WITH MCC","0","\N"
"560","MDC 08","M","AFTERCARE, MUSCULOSKELETAL SYSTEM AND CONNECTIVE TISSUE WITH CC","0","\N"
"561","MDC 08","M","AFTERCARE, MUSCULOSKELETAL SYSTEM AND CONNECTIVE TISSUE WITHOUT CC/MCC","0","\N"
"562","MDC 08","M","FRACTURE, SPRAIN, STRAIN AND DISLOCATION EXCEPT FEMUR, HIP, PELVIS AND THIGH WITH MCC","0","\N"
"563","MDC 08","M","FRACTURE, SPRAIN, STRAIN AND DISLOCATION EXCEPT FEMUR, HIP, PELVIS AND THIGH WITHOUT MCC","0","\N"
"564","MDC 08","M","OTHER MUSCULOSKELETAL SYSTEM AND CONNECTIVE TISSUE DIAGNOSES WITH MCC","0","\N"
"565","MDC 08","M","OTHER MUSCULOSKELETAL SYSTEM AND CONNECTIVE TISSUE DIAGNOSES WITH CC","0","\N"
"566","MDC 08","M","OTHER MUSCULOSKELETAL SYSTEM AND CONNECTIVE TISSUE DIAGNOSES WITHOUT CC/MCC","0","\N"
"570","MDC 09","P","SKIN DEBRIDEMENT WITH MCC","0","\N"
"571","MDC 09","P","SKIN DEBRIDEMENT WITH CC","0","\N"
"572","MDC 09","P","SKIN DEBRIDEMENT WITHOUT CC/MCC","0","\N"
"573","MDC 09","P","SKIN GRAFT FOR SKIN ULCER OR CELLULITIS WITH MCC","0","\N"
"574","MDC 09","P","SKIN GRAFT FOR SKIN ULCER OR CELLULITIS WITH CC","0","\N"
"575","MDC 09","P","SKIN GRAFT FOR SKIN ULCER OR CELLULITIS WITHOUT CC/MCC","0","\N"
"576","MDC 09","P","SKIN GRAFT EXCEPT FOR SKIN ULCER OR CELLULITIS WITH MCC","0","\N"
"577","MDC 09","P","SKIN GRAFT EXCEPT FOR SKIN ULCER OR CELLULITIS WITH CC","0","\N"
"578","MDC 09","P","SKIN GRAFT EXCEPT FOR SKIN ULCER OR CELLULITIS WITHOUT CC/MCC","0","\N"
"579","MDC 09","P","OTHER SKIN, SUBCUTANEOUS TISSUE AND BREAST PROCEDURES WITH MCC","0","\N"
"580","MDC 09","P","OTHER SKIN, SUBCUTANEOUS TISSUE AND BREAST PROCEDURES WITH CC","0","\N"
"581","MDC 09","P","OTHER SKIN, SUBCUTANEOUS TISSUE AND BREAST PROCEDURES WITHOUT CC/MCC","0","\N"
"582","MDC 09","P","MASTECTOMY FOR MALIGNANCY WITH CC/MCC","0","\N"
"583","MDC 09","P","MASTECTOMY FOR MALIGNANCY WITHOUT CC/MCC","0","\N"
"584","MDC 09","P","BREAST BIOPSY, LOCAL EXCISION AND OTHER BREAST PROCEDURES WITH CC/MCC","0","\N"
"585","MDC 09","P","BREAST BIOPSY, LOCAL EXCISION AND OTHER BREAST PROCEDURES WITHOUT CC/MCC","0","\N"
"592","MDC 09","M","SKIN ULCERS WITH MCC","0","\N"
"593","MDC 09","M","SKIN ULCERS WITH CC","0","\N"
"594","MDC 09","M","SKIN ULCERS WITHOUT CC/MCC","0","\N"
"595","MDC 09","M","MAJOR SKIN DISORDERS WITH MCC","0","\N"
"596","MDC 09","M","MAJOR SKIN DISORDERS WITHOUT MCC","0","\N"
"597","MDC 09","M","MALIGNANT BREAST DISORDERS WITH MCC","0","\N"
"598","MDC 09","M","MALIGNANT BREAST DISORDERS WITH CC","0","\N"
"599","MDC 09","M","MALIGNANT BREAST DISORDERS WITHOUT CC/MCC","0","\N"
"600","MDC 09","M","NON-MALIGNANT BREAST DISORDERS WITH CC/MCC","0","\N"
"601","MDC 09","M","NON-MALIGNANT BREAST DISORDERS WITHOUT CC/MCC","0","\N"
"602","MDC 09","M","CELLULITIS WITH MCC","0","\N"
"603","MDC 09","M","CELLULITIS WITHOUT MCC","0","\N"
"604","MDC 09","M","TRAUMA TO THE SKIN, SUBCUTANEOUS TISSUE AND BREAST WITH MCC","0","\N"
"605","MDC 09","M","TRAUMA TO THE SKIN, SUBCUTANEOUS TISSUE AND BREAST WITHOUT MCC","0","\N"
"606","MDC 09","M","MINOR SKIN DISORDERS WITH MCC","0","\N"
"607","MDC 09","M","MINOR SKIN DISORDERS WITHOUT MCC","0","\N"
"614","MDC 10","P","ADRENAL AND PITUITARY PROCEDURES WITH CC/MCC","0","\N"
"615","MDC 10","P","ADRENAL AND PITUITARY PROCEDURES WITHOUT CC/MCC","0","\N"
"616","MDC 10","P","AMPUTATION OF LOWER LIMB FOR ENDOCRINE, NUTRITIONAL AND METABOLIC DISORDERS WITH MCC","0","\N"
"617","MDC 10","P","AMPUTATION OF LOWER LIMB FOR ENDOCRINE, NUTRITIONAL AND METABOLIC DISORDERS WITH CC","0","\N"
"618","MDC 10","P","AMPUTATION OF LOWER LIMB FOR ENDOCRINE, NUTRITIONAL AND METABOLIC DISORDERS WITHOUT CC/MCC","0","\N"
"619","MDC 10","P","O.R. PROCEDURES FOR OBESITY WITH MCC","0","\N"
"620","MDC 10","P","O.R. PROCEDURES FOR OBESITY WITH CC","0","\N"
"621","MDC 10","P","O.R. PROCEDURES FOR OBESITY WITHOUT CC/MCC","0","\N"
"622","MDC 10","P","SKIN GRAFTS AND WOUND DEBRIDEMENT FOR ENDOCRINE, NUTRITIONAL AND METABOLIC DISORDERS WITH MCC","0","\N"
"623","MDC 10","P","SKIN GRAFTS AND WOUND DEBRIDEMENT FOR ENDOCRINE, NUTRITIONAL AND METABOLIC DISORDERS WITH CC","0","\N"
"624","MDC 10","P","SKIN GRAFTS AND WOUND DEBRIDEMENT FOR ENDOCRINE, NUTRITIONAL AND METABOLIC DISORDERS WITHOUT CC/MCC","0","\N"
"625","MDC 10","P","THYROID, PARATHYROID AND THYROGLOSSAL PROCEDURES WITH MCC","0","\N"
"626","MDC 10","P","THYROID, PARATHYROID AND THYROGLOSSAL PROCEDURES WITH CC","0","\N"
"627","MDC 10","P","THYROID, PARATHYROID AND THYROGLOSSAL PROCEDURES WITHOUT CC/MCC","0","\N"
"628","MDC 10","P","OTHER ENDOCRINE, NUTRITIONAL AND METABOLIC O.R. PROCEDURES WITH MCC","0","\N"
"629","MDC 10","P","OTHER ENDOCRINE, NUTRITIONAL AND METABOLIC O.R. PROCEDURES WITH CC","0","\N"
"630","MDC 10","P","OTHER ENDOCRINE, NUTRITIONAL AND METABOLIC O.R. PROCEDURES WITHOUT CC/MCC","0","\N"
"637","MDC 10","M","DIABETES WITH MCC","0","\N"
"638","MDC 10","M","DIABETES WITH CC","0","\N"
"639","MDC 10","M","DIABETES WITHOUT CC/MCC","0","\N"
"640","MDC 10","M","MISCELLANEOUS DISORDERS OF NUTRITION, METABOLISM, FLUIDS AND ELECTROLYTES WITH MCC","0","\N"
"641","MDC 10","M","MISCELLANEOUS DISORDERS OF NUTRITION, METABOLISM, FLUIDS AND ELECTROLYTES WITHOUT MCC","0","\N"
"642","MDC 10","M","INBORN AND OTHER DISORDERS OF METABOLISM","0","\N"
"643","MDC 10","M","ENDOCRINE DISORDERS WITH MCC","0","\N"
"644","MDC 10","M","ENDOCRINE DISORDERS WITH CC","0","\N"
"645","MDC 10","M","ENDOCRINE DISORDERS WITHOUT CC/MCC","0","\N"
"650","MDC 11","P","KIDNEY TRANSPLANT WITH HEMODIALYSIS WITH MCC","0","\N"
"651","MDC 11","P","KIDNEY TRANSPLANT WITH HEMODIALYSIS WITHOUT MCC","0","\N"
"652","MDC 11","P","KIDNEY TRANSPLANT","0","\N"
"653","MDC 11","P","MAJOR BLADDER PROCEDURES WITH MCC","0","\N"
"654","MDC 11","P","MAJOR BLADDER PROCEDURES WITH CC","0","\N"
"655","MDC 11","P","MAJOR BLADDER PROCEDURES WITHOUT CC/MCC","0","\N"
"656","MDC 11","P","KIDNEY AND URETER PROCEDURES FOR NEOPLASM WITH MCC","0","\N"
"657","MDC 11","P","KIDNEY AND URETER PROCEDURES FOR NEOPLASM WITH CC","0","\N"
"658","MDC 11","P","KIDNEY AND URETER PROCEDURES FOR NEOPLASM WITHOUT CC/MCC","0","\N"
"659","MDC 11","P","KIDNEY AND URETER PROCEDURES FOR NON-NEOPLASM WITH MCC","0","\N"
"660","MDC 11","P","KIDNEY AND URETER PROCEDURES FOR NON-NEOPLASM WITH CC","0","\N"
"661","MDC 11","P","KIDNEY AND URETER PROCEDURES FOR NON-NEOPLASM WITHOUT CC/MCC","0","\N"
"662","MDC 11","P","MINOR BLADDER PROCEDURES WITH MCC","0","\N"
"663","MDC 11","P","MINOR BLADDER PROCEDURES WITH CC","0","\N"
"664","MDC 11","P","MINOR BLADDER PROCEDURES WITHOUT CC/MCC","0","\N"
"665","MDC 11","P","PROSTATECTOMY WITH MCC","0","\N"
"666","MDC 11","P","PROSTATECTOMY WITH CC","0","\N"
"667","MDC 11","P","PROSTATECTOMY WITHOUT CC/MCC","0","\N"
"668","MDC 11","P","TRANSURETHRAL PROCEDURES WITH MCC","0","\N"
"669","MDC 11","P","TRANSURETHRAL PROCEDURES WITH CC","0","\N"
"670","MDC 11","P","TRANSURETHRAL PROCEDURES WITHOUT CC/MCC","0","\N"
"671","MDC 11","P","URETHRAL PROCEDURES WITH CC/MCC","0","\N"
"672","MDC 11","P","URETHRAL PROCEDURES WITHOUT CC/MCC","0","\N"
"673","MDC 11","P","OTHER KIDNEY AND URINARY TRACT PROCEDURES WITH MCC","0","\N"
"674","MDC 11","P","OTHER KIDNEY AND URINARY TRACT PROCEDURES WITH CC","0","\N"
"675","MDC 11","P","OTHER KIDNEY AND URINARY TRACT PROCEDURES WITHOUT CC/MCC","0","\N"
"682","MDC 11","M","RENAL FAILURE WITH MCC","0","\N"
"683","MDC 11","M","RENAL FAILURE WITH CC","0","\N"
"684","MDC 11","M","RENAL FAILURE WITHOUT CC/MCC","0","\N"
"686","MDC 11","M","KIDNEY AND URINARY TRACT NEOPLASMS WITH MCC","0","\N"
"687","MDC 11","M","KIDNEY AND URINARY TRACT NEOPLASMS WITH CC","0","\N"
"688","MDC 11","M","KIDNEY AND URINARY TRACT NEOPLASMS WITHOUT CC/MCC","0","\N"
"689","MDC 11","M","KIDNEY AND URINARY TRACT INFECTIONS WITH MCC","0","\N"
"690","MDC 11","M","KIDNEY AND URINARY TRACT INFECTIONS WITHOUT MCC","0","\N"
"693","MDC 11","M","URINARY STONES WITH MCC","0","\N"
"694","MDC 11","M","URINARY STONES WITHOUT MCC","0","\N"
"695","MDC 11","M","KIDNEY AND URINARY TRACT SIGNS AND SYMPTOMS WITH MCC","0","\N"
"696","MDC 11","M","KIDNEY AND URINARY TRACT SIGNS AND SYMPTOMS WITHOUT MCC","0","\N"
"697","MDC 11","M","URETHRAL STRICTURE","0","\N"
"698","MDC 11","M","OTHER KIDNEY AND URINARY TRACT DIAGNOSES WITH MCC","0","\N"
"699","MDC 11","M","OTHER KIDNEY AND URINARY TRACT DIAGNOSES WITH CC","0","\N"
"700","MDC 11","M","OTHER KIDNEY AND URINARY TRACT DIAGNOSES WITHOUT CC/MCC","0","\N"
"707","MDC 12","P","MAJOR MALE PELVIC PROCEDURES WITH CC/MCC","0","\N"
"708","MDC 12","P","MAJOR MALE PELVIC PROCEDURES WITHOUT CC/MCC","0","\N"
"709","MDC 12","P","PENIS PROCEDURES WITH CC/MCC","0","\N"
"710","MDC 12","P","PENIS PROCEDURES WITHOUT CC/MCC","0","\N"
"711","MDC 12","P","TESTES PROCEDURES WITH CC/MCC","0","\N"
"712","MDC 12","P","TESTES PROCEDURES WITHOUT CC/MCC","0","\N"
"713","MDC 12","P","TRANSURETHRAL PROSTATECTOMY WITH CC/MCC","0","\N"
"714","MDC 12","P","TRANSURETHRAL PROSTATECTOMY WITHOUT CC/MCC","0","\N"
"715","MDC 12","P","OTHER MALE REPRODUCTIVE SYSTEM O.R. PROCEDURES FOR MALIGNANCY WITH CC/MCC","0","\N"
"716","MDC 12","P","OTHER MALE REPRODUCTIVE SYSTEM O.R. PROCEDURES FOR MALIGNANCY WITHOUT CC/MCC","0","\N"
"717","MDC 12","P","OTHER MALE REPRODUCTIVE SYSTEM O.R. PROCEDURES EXCEPT MALIGNANCY WITH CC/MCC","0","\N"
"718","MDC 12","P","OTHER MALE REPRODUCTIVE SYSTEM O.R. PROCEDURES EXCEPT MALIGNANCY WITHOUT CC/MCC","0","\N"
"722","MDC 12","M","MALIGNANCY, MALE REPRODUCTIVE SYSTEM WITH MCC","0","\N"
"723","MDC 12","M","MALIGNANCY, MALE REPRODUCTIVE SYSTEM WITH CC","0","\N"
"724","MDC 12","M","MALIGNANCY, MALE REPRODUCTIVE SYSTEM WITHOUT CC/MCC","0","\N"
"725","MDC 12","M","BENIGN PROSTATIC HYPERTROPHY WITH MCC","0","\N"
"726","MDC 12","M","BENIGN PROSTATIC HYPERTROPHY WITHOUT MCC","0","\N"
"727","MDC 12","M","INFLAMMATION OF THE MALE REPRODUCTIVE SYSTEM WITH MCC","0","\N"
"728","MDC 12","M","INFLAMMATION OF THE MALE REPRODUCTIVE SYSTEM WITHOUT MCC","0","\N"
"729","MDC 12","M","OTHER MALE REPRODUCTIVE SYSTEM DIAGNOSES WITH CC/MCC","0","\N"
"730","MDC 12","M","OTHER MALE REPRODUCTIVE SYSTEM DIAGNOSES WITHOUT CC/MCC","0","\N"
"734","MDC 13","P","PELVIC EVISCERATION, RADICAL HYSTERECTOMY AND RADICAL VULVECTOMY WITH CC/MCC","0","\N"
"735","MDC 13","P","PELVIC EVISCERATION, RADICAL HYSTERECTOMY AND RADICAL VULVECTOMY WITHOUT CC/MCC","0","\N"
"736","MDC 13","P","UTERINE AND ADNEXA PROCEDURES FOR OVARIAN OR ADNEXAL MALIGNANCY WITH MCC","0","\N"
"737","MDC 13","P","UTERINE AND ADNEXA PROCEDURES FOR OVARIAN OR ADNEXAL MALIGNANCY WITH CC","0","\N"
"738","MDC 13","P","UTERINE AND ADNEXA PROCEDURES FOR OVARIAN OR ADNEXAL MALIGNANCY WITHOUT CC/MCC","0","\N"
"739","MDC 13","P","UTERINE AND ADNEXA PROCEDURES FOR NON-OVARIAN AND NON-ADNEXAL MALIGNANCY WITH MCC","0","\N"
"740","MDC 13","P","UTERINE AND ADNEXA PROCEDURES FOR NON-OVARIAN AND NON-ADNEXAL MALIGNANCY WITH CC","0","\N"
"741","MDC 13","P","UTERINE AND ADNEXA PROCEDURES FOR NON-OVARIAN AND NON-ADNEXAL MALIGNANCY WITHOUT CC/MCC","0","\N"
"742","MDC 13","P","UTERINE AND ADNEXA PROCEDURES FOR NON-MALIGNANCY WITH CC/MCC","0","\N"
"743","MDC 13","P","UTERINE AND ADNEXA PROCEDURES FOR NON-MALIGNANCY WITHOUT CC/MCC","0","\N"
"744","MDC 13","P","D&C, CONIZATION, LAPAROSCOPY AND TUBAL INTERRUPTION WITH CC/MCC","0","\N"
"745","MDC 13","P","D&C, CONIZATION, LAPAROSCOPY AND TUBAL INTERRUPTION WITHOUT CC/MCC","0","\N"
"746","MDC 13","P","VAGINA, CERVIX AND VULVA PROCEDURES WITH CC/MCC","0","\N"
"747","MDC 13","P","VAGINA, CERVIX AND VULVA PROCEDURES WITHOUT CC/MCC","0","\N"
"748","MDC 13","P","FEMALE REPRODUCTIVE SYSTEM RECONSTRUCTIVE PROCEDURES","0","\N"
"749","MDC 13","P","OTHER FEMALE REPRODUCTIVE SYSTEM O.R. PROCEDURES WITH CC/MCC","0","\N"
"750","MDC 13","P","OTHER FEMALE REPRODUCTIVE SYSTEM O.R. PROCEDURES WITHOUT CC/MCC","0","\N"
"754","MDC 13","M","MALIGNANCY, FEMALE REPRODUCTIVE SYSTEM WITH MCC","0","\N"
"755","MDC 13","M","MALIGNANCY, FEMALE REPRODUCTIVE SYSTEM WITH CC","0","\N"
"756","MDC 13","M","MALIGNANCY, FEMALE REPRODUCTIVE SYSTEM WITHOUT CC/MCC","0","\N"
"757","MDC 13","M","INFECTIONS, FEMALE REPRODUCTIVE SYSTEM WITH MCC","0","\N"
"758","MDC 13","M","INFECTIONS, FEMALE REPRODUCTIVE SYSTEM WITH CC","0","\N"
"759","MDC 13","M","INFECTIONS, FEMALE REPRODUCTIVE SYSTEM WITHOUT CC/MCC","0","\N"
"760","MDC 13","M","MENSTRUAL AND OTHER FEMALE REPRODUCTIVE SYSTEM DISORDERS WITH CC/MCC","0","\N"
"761","MDC 13","M","MENSTRUAL AND OTHER FEMALE REPRODUCTIVE SYSTEM DISORDERS WITHOUT CC/MCC","0","\N"
"768","MDC 14","P","VAGINAL DELIVERY WITH O.R. PROCEDURES EXCEPT STERILIZATION AND/OR D&C","0","\N"
"769","MDC 14","P","POSTPARTUM AND POST ABORTION DIAGNOSES WITH O.R. PROCEDURES","0","\N"
"770","MDC 14","P","ABORTION WITH D&C, ASPIRATION CURETTAGE OR HYSTEROTOMY","0","\N"
"776","MDC 14","M","POSTPARTUM AND POST ABORTION DIAGNOSES WITHOUT O.R. PROCEDURES","0","\N"
"779","MDC 14","M","ABORTION WITHOUT D&C","0","\N"
"783","MDC 14","P","CESAREAN SECTION WITH STERILIZATION WITH MCC","0","\N"
"784","MDC 14","P","CESAREAN SECTION WITH STERILIZATION WITH CC","0","\N"
"785","MDC 14","P","CESAREAN SECTION WITH STERILIZATION WITHOUT CC/MCC","0","\N"
"786","MDC 14","P","CESAREAN SECTION WITHOUT STERILIZATION WITH MCC","0","\N"
"787","MDC 14","P","CESAREAN SECTION WITHOUT STERILIZATION WITH CC","0","\N"
"788","MDC 14","P","CESAREAN SECTION WITHOUT STERILIZATION WITHOUT CC/MCC","0","\N"
"789","MDC 15","M","NEONATES, DIED OR TRANSFERRED TO ANOTHER ACUTE CARE FACILITY","0","\N"
"790","MDC 15","M","EXTREME IMMATURITY OR RESPIRATORY DISTRESS SYNDROME, NEONATE","0","\N"
"791","MDC 15","M","PREMATURITY WITH MAJOR PROBLEMS","0","\N"
"792","MDC 15","M","PREMATURITY WITHOUT MAJOR PROBLEMS","0","\N"
"793","MDC 15","M","FULL TERM NEONATE WITH MAJOR PROBLEMS","0","\N"
"794","MDC 15","M","NEONATE WITH OTHER SIGNIFICANT PROBLEMS","0","\N"
"795","MDC 15","M","NORMAL NEWBORN","0","\N"
"796","MDC 14","P","VAGINAL DELIVERY WITH STERILIZATION AND/OR D&C WITH MCC","0","\N"
"797","MDC 14","P","VAGINAL DELIVERY WITH STERILIZATION AND/OR D&C WITH CC","0","\N"
"798","MDC 14","P","VAGINAL DELIVERY WITH STERILIZATION AND/OR D&C WITHOUT CC/MCC","0","\N"
"799","MDC 16","P","SPLENIC PROCEDURES WITH MCC","0","\N"
"800","MDC 16","P","SPLENIC PROCEDURES WITH CC","0","\N"
"801","MDC 16","P","SPLENIC PROCEDURES WITHOUT CC/MCC","0","\N"
"802","MDC 16","P","OTHER O.R. PROCEDURES OF THE BLOOD AND BLOOD FORMING ORGANS WITH MCC","0","\N"
"803","MDC 16","P","OTHER O.R. PROCEDURES OF THE BLOOD AND BLOOD FORMING ORGANS WITH CC","0","\N"
"804","MDC 16","P","OTHER O.R. PROCEDURES OF THE BLOOD AND BLOOD FORMING ORGANS WITHOUT CC/MCC","0","\N"
"805","MDC 14","M","VAGINAL DELIVERY WITHOUT STERILIZATION OR D&C WITH MCC","0","\N"
"806","MDC 14","M","VAGINAL DELIVERY WITHOUT STERILIZATION OR D&C WITH CC","0","\N"
"807","MDC 14","M","VAGINAL DELIVERY WITHOUT STERILIZATION OR D&C WITHOUT CC/MCC","0","\N"
"808","MDC 16","M","MAJOR HEMATOLOGICAL AND IMMUNOLOGICAL DIAGNOSES EXCEPT SICKLE CELL CRISIS AND COAGULATION DISORDERS WITH MCC","0","\N"
"809","MDC 16","M","MAJOR HEMATOLOGICAL AND IMMUNOLOGICAL DIAGNOSES EXCEPT SICKLE CELL CRISIS AND COAGULATION DISORDERS WITH CC","0","\N"
"810","MDC 16","M","MAJOR HEMATOLOGICAL AND IMMUNOLOGICAL DIAGNOSES EXCEPT SICKLE CELL CRISIS AND COAGULATION DISORDERS WITHOUT CC/MCC","0","\N"
"811","MDC 16","M","RED BLOOD CELL DISORDERS WITH MCC","0","\N"
"812","MDC 16","M","RED BLOOD CELL DISORDERS WITHOUT MCC","0","\N"
"813","MDC 16","M","COAGULATION DISORDERS","0","\N"
"814","MDC 16","M","RETICULOENDOTHELIAL AND IMMUNITY DISORDERS WITH MCC","0","\N"
"815","MDC 16","M","RETICULOENDOTHELIAL AND IMMUNITY DISORDERS WITH CC","0","\N"
"816","MDC 16","M","RETICULOENDOTHELIAL AND IMMUNITY DISORDERS WITHOUT CC/MCC","0","\N"
"817","MDC 14","P","OTHER ANTEPARTUM DIAGNOSES WITH O.R. PROCEDURES WITH MCC","0","\N"
"818","MDC 14","P","OTHER ANTEPARTUM DIAGNOSES WITH O.R. PROCEDURES WITH CC","0","\N"
"819","MDC 14","P","OTHER ANTEPARTUM DIAGNOSES WITH O.R. PROCEDURES WITHOUT CC/MCC","0","\N"
"820","MDC 17","P","LYMPHOMA AND LEUKEMIA WITH MAJOR O.R. PROCEDURES WITH MCC","0","\N"
"821","MDC 17","P","LYMPHOMA AND LEUKEMIA WITH MAJOR O.R. PROCEDURES WITH CC","0","\N"
"822","MDC 17","P","LYMPHOMA AND LEUKEMIA WITH MAJOR O.R. PROCEDURES WITHOUT CC/MCC","0","\N"
"823","MDC 17","P","LYMPHOMA AND NON-ACUTE LEUKEMIA WITH OTHER PROCEDURES WITH MCC","0","\N"
"824","MDC 17","P","LYMPHOMA AND NON-ACUTE LEUKEMIA WITH OTHER PROCEDURES WITH CC","0","\N"
"825","MDC 17","P","LYMPHOMA AND NON-ACUTE LEUKEMIA WITH OTHER PROCEDURES WITHOUT CC/MCC","0","\N"
"826","MDC 17","P","MYELOPROLIFERATIVE DISORDERS OR POORLY DIFFERENTIATED NEOPLASMS WITH MAJOR O.R. PROCEDURES WITH MCC","0","\N"
"827","MDC 17","P","MYELOPROLIFERATIVE DISORDERS OR POORLY DIFFERENTIATED NEOPLASMS WITH MAJOR O.R. PROCEDURES WITH CC","0","\N"
"828","MDC 17","P","MYELOPROLIFERATIVE DISORDERS OR POORLY DIFFERENTIATED NEOPLASMS WITH MAJOR O.R. PROCEDURES WITHOUT CC/MCC","0","\N"
"829","MDC 17","P","MYELOPROLIFERATIVE DISORDERS OR POORLY DIFFERENTIATED NEOPLASMS WITH OTHER PROCEDURES WITH CC/MCC","0","\N"
"830","MDC 17","P","MYELOPROLIFERATIVE DISORDERS OR POORLY DIFFERENTIATED NEOPLASMS WITH OTHER PROCEDURES WITHOUT CC/MCC","0","\N"
"831","MDC 14","M","OTHER ANTEPARTUM DIAGNOSES WITHOUT O.R. PROCEDURES WITH MCC","0","\N"
"832","MDC 14","M","OTHER ANTEPARTUM DIAGNOSES WITHOUT O.R. PROCEDURES WITH CC","0","\N"
"833","MDC 14","M","OTHER ANTEPARTUM DIAGNOSES WITHOUT O.R. PROCEDURES WITHOUT CC/MCC","0","\N"
"834","MDC 17","M","ACUTE LEUKEMIA WITHOUT MAJOR O.R. PROCEDURES WITH MCC","0","\N"
"835","MDC 17","M","ACUTE LEUKEMIA WITHOUT MAJOR O.R. PROCEDURES WITH CC","0","\N"
"836","MDC 17","M","ACUTE LEUKEMIA WITHOUT MAJOR O.R. PROCEDURES WITHOUT CC/MCC","0","\N"
"837","MDC 17","M","CHEMOTHERAPY WITH ACUTE LEUKEMIA AS SECONDARY DIAGNOSIS OR WITH HIGH DOSE CHEMOTHERAPY AGENT WITH MCC","0","\N"
"838","MDC 17","M","CHEMOTHERAPY WITH ACUTE LEUKEMIA AS SECONDARY DIAGNOSIS WITH CC OR HIGH DOSE CHEMOTHERAPY AGENT","0","\N"
"839","MDC 17","M","CHEMOTHERAPY WITH ACUTE LEUKEMIA AS SECONDARY DIAGNOSIS WITHOUT CC/MCC","0","\N"
"840","MDC 17","M","LYMPHOMA AND NON-ACUTE LEUKEMIA WITH MCC","0","\N"
"841","MDC 17","M","LYMPHOMA AND NON-ACUTE LEUKEMIA WITH CC","0","\N"
"842","MDC 17","M","LYMPHOMA AND NON-ACUTE LEUKEMIA WITHOUT CC/MCC","0","\N"
"843","MDC 17","M","OTHER MYELOPROLIFERATIVE DISORDERS OR POORLY DIFFERENTIATED NEOPLASTIC DIAGNOSES WITH MCC","0","\N"
"844","MDC 17","M","OTHER MYELOPROLIFERATIVE DISORDERS OR POORLY DIFFERENTIATED NEOPLASTIC DIAGNOSES WITH CC","0","\N"
"845","MDC 17","M","OTHER MYELOPROLIFERATIVE DISORDERS OR POORLY DIFFERENTIATED NEOPLASTIC DIAGNOSES WITHOUT CC/MCC","0","\N"
"846","MDC 17","M","CHEMOTHERAPY WITHOUT ACUTE LEUKEMIA AS SECONDARY DIAGNOSIS WITH MCC","0","\N"
"847","MDC 17","M","CHEMOTHERAPY WITHOUT ACUTE LEUKEMIA AS SECONDARY DIAGNOSIS WITH CC","0","\N"
"848","MDC 17","M","CHEMOTHERAPY WITHOUT ACUTE LEUKEMIA AS SECONDARY DIAGNOSIS WITHOUT CC/MCC","0","\N"
"849","MDC 17","M","RADIOTHERAPY","0","\N"
"853","MDC 18","P","INFECTIOUS AND PARASITIC DISEASES WITH O.R. PROCEDURES WITH MCC","0","\N"
"854","MDC 18","P","INFECTIOUS AND PARASITIC DISEASES WITH O.R. PROCEDURES WITH CC","0","\N"
"855","MDC 18","P","INFECTIOUS AND PARASITIC DISEASES WITH O.R. PROCEDURES WITHOUT CC/MCC","0","\N"
"856","MDC 18","P","POSTOPERATIVE OR POST-TRAUMATIC INFECTIONS WITH O.R. PROCEDURES WITH MCC","0","\N"
"857","MDC 18","P","POSTOPERATIVE OR POST-TRAUMATIC INFECTIONS WITH O.R. PROCEDURES WITH CC","0","\N"
"858","MDC 18","P","POSTOPERATIVE OR POST-TRAUMATIC INFECTIONS WITH O.R. PROCEDURES WITHOUT CC/MCC","0","\N"
"862","MDC 18","M","POSTOPERATIVE AND POST-TRAUMATIC INFECTIONS WITH MCC","0","\N"
"863","MDC 18","M","POSTOPERATIVE AND POST-TRAUMATIC INFECTIONS WITHOUT MCC","0","\N"
"864","MDC 18","M","FEVER AND INFLAMMATORY CONDITIONS","0","\N"
"865","MDC 18","M","VIRAL ILLNESS WITH MCC","0","\N"
"866","MDC 18","M","VIRAL ILLNESS WITHOUT MCC","0","\N"
"867","MDC 18","M","OTHER INFECTIOUS AND PARASITIC DISEASES DIAGNOSES WITH MCC","0","\N"
"868","MDC 18","M","OTHER INFECTIOUS AND PARASITIC DISEASES DIAGNOSES WITH CC","0","\N"
"869","MDC 18","M","OTHER INFECTIOUS AND PARASITIC DISEASES DIAGNOSES WITHOUT CC/MCC","0","\N"
"870","MDC 18","M","SEPTICEMIA OR SEVERE SEPSIS WITH MV >96 HOURS","0","\N"
"871","MDC 18","M","SEPTICEMIA OR SEVERE SEPSIS WITHOUT MV >96 HOURS WITH MCC","0","\N"
"872","MDC 18","M","SEPTICEMIA OR SEVERE SEPSIS WITHOUT MV >96 HOURS WITHOUT MCC","0","\N"
"876","MDC 19","P","O.R. PROCEDURES WITH PRINCIPAL DIAGNOSIS OF MENTAL ILLNESS","0","\N"
"880","MDC 19","M","ACUTE ADJUSTMENT REACTION AND PSYCHOSOCIAL DYSFUNCTION","0","\N"
"881","MDC 19","M","DEPRESSIVE NEUROSES","0","\N"
"882","MDC 19","M","NEUROSES EXCEPT DEPRESSIVE","0","\N"
"883","MDC 19","M","DISORDERS OF PERSONALITY AND IMPULSE CONTROL","0","\N"
"884","MDC 19","M","ORGANIC DISTURBANCES AND INTELLECTUAL DISABILITY","0","\N"
"885","MDC 19","M","PSYCHOSES","0","\N"
"886","MDC 19","M","BEHAVIORAL AND DEVELOPMENTAL DISORDERS","0","\N"
"887","MDC 19","M","OTHER MENTAL DISORDER DIAGNOSES","0","\N"
"894","MDC 20","M","ALCOHOL, DRUG ABUSE OR DEPENDENCE, LEFT AMA","0","\N"
"895","MDC 20","M","ALCOHOL, DRUG ABUSE OR DEPENDENCE WITH REHABILITATION THERAPY","0","\N"
"896","MDC 20","M","ALCOHOL, DRUG ABUSE OR DEPENDENCE WITHOUT REHABILITATION THERAPY WITH MCC","0","\N"
"897","MDC 20","M","ALCOHOL, DRUG ABUSE OR DEPENDENCE WITHOUT REHABILITATION THERAPY WITHOUT MCC","0","\N"
"901","MDC 21","P","WOUND DEBRIDEMENTS FOR INJURIES WITH MCC","0","\N"
"902","MDC 21","P","WOUND DEBRIDEMENTS FOR INJURIES WITH CC","0","\N"
"903","MDC 21","P","WOUND DEBRIDEMENTS FOR INJURIES WITHOUT CC/MCC","0","\N"
"904","MDC 21","P","SKIN GRAFTS FOR INJURIES WITH CC/MCC","0","\N"
"905","MDC 21","P","SKIN GRAFTS FOR INJURIES WITHOUT CC/MCC","0","\N"
"906","MDC 21","P","HAND PROCEDURES FOR INJURIES","0","\N"
"907","MDC 21","P","OTHER O.R. PROCEDURES FOR INJURIES WITH MCC","0","\N"
"908","MDC 21","P","OTHER O.R. PROCEDURES FOR INJURIES WITH CC","0","\N"
"909","MDC 21","P","OTHER O.R. PROCEDURES FOR INJURIES WITHOUT CC/MCC","0","\N"
"913","MDC 21","M","TRAUMATIC INJURY WITH MCC","0","\N"
"914","MDC 21","M","TRAUMATIC INJURY WITHOUT MCC","0","\N"
"915","MDC 21","M","ALLERGIC REACTIONS WITH MCC","0","\N"
"916","MDC 21","M","ALLERGIC REACTIONS WITHOUT MCC","0","\N"
"917","MDC 21","M","POISONING AND TOXIC EFFECTS OF DRUGS WITH MCC","0","\N"
"918","MDC 21","M","POISONING AND TOXIC EFFECTS OF DRUGS WITHOUT MCC","0","\N"
"919","MDC 21","M","COMPLICATIONS OF TREATMENT WITH MCC","0","\N"
"920","MDC 21","M","COMPLICATIONS OF TREATMENT WITH CC","0","\N"
"921","MDC 21","M","COMPLICATIONS OF TREATMENT WITHOUT CC/MCC","0","\N"
"922","MDC 21","M","OTHER INJURY, POISONING AND TOXIC EFFECT DIAGNOSES WITH MCC","0","\N"
"923","MDC 21","M","OTHER INJURY, POISONING AND TOXIC EFFECT DIAGNOSES WITHOUT MCC","0","\N"
"927","MDC 22","P","EXTENSIVE BURNS OR FULL THICKNESS BURNS WITH MV >96 HOURS WITH SKIN GRAFT","0","\N"
"928","MDC 22","P","FULL THICKNESS BURN WITH SKIN GRAFT OR INHALATION INJURY WITH CC/MCC","0","\N"
"929","MDC 22","P","FULL THICKNESS BURN WITH SKIN GRAFT OR INHALATION INJURY WITHOUT CC/MCC","0","\N"
"933","MDC 22","M","EXTENSIVE BURNS OR FULL THICKNESS BURNS WITH MV >96 HOURS WITHOUT SKIN GRAFT","0","\N"
"934","MDC 22","M","FULL THICKNESS BURN WITHOUT SKIN GRAFT OR INHALATION INJURY","0","\N"
"935","MDC 22","M","NON-EXTENSIVE BURNS","0","\N"
"939","MDC 23","P","O.R. PROCEDURES WITH DIAGNOSES OF OTHER CONTACT WITH HEALTH SERVICES WITH MCC","0","\N"
"940","MDC 23","P","O.R. PROCEDURES WITH DIAGNOSES OF OTHER CONTACT WITH HEALTH SERVICES WITH CC","0","\N"
"941","MDC 23","P","O.R. PROCEDURES WITH DIAGNOSES OF OTHER CONTACT WITH HEALTH SERVICES WITHOUT CC/MCC","0","\N"
"945","MDC 23","M","REHABILITATION WITH CC/MCC","0","\N"
"946","MDC 23","M","REHABILITATION WITHOUT CC/MCC","0","\N"
"947","MDC 23","M","SIGNS AND SYMPTOMS WITH MCC","0","\N"
"948","MDC 23","M","SIGNS AND SYMPTOMS WITHOUT MCC","0","\N"
"949","MDC 23","M","AFTERCARE WITH CC/MCC","0","\N"
"950","MDC 23","M","AFTERCARE WITHOUT CC/MCC","0","\N"
"951","MDC 23","M","OTHER FACTORS INFLUENCING HEALTH STATUS","0","\N"
"955","MDC 24","P","CRANIOTOMY FOR MULTIPLE SIGNIFICANT TRAUMA","0","\N"
"956","MDC 24","P","LIMB REATTACHMENT, HIP AND FEMUR PROCEDURES FOR MULTIPLE SIGNIFICANT TRAUMA","0","\N"
"957","MDC 24","P","OTHER O.R. PROCEDURES FOR MULTIPLE SIGNIFICANT TRAUMA WITH MCC","0","\N"
"958","MDC 24","P","OTHER O.R. PROCEDURES FOR MULTIPLE SIGNIFICANT TRAUMA WITH CC","0","\N"
"959","MDC 24","P","OTHER O.R. PROCEDURES FOR MULTIPLE SIGNIFICANT TRAUMA WITHOUT CC/MCC","0","\N"
"963","MDC 24","M","OTHER MULTIPLE SIGNIFICANT TRAUMA WITH MCC","0","\N"
"964","MDC 24","M","OTHER MULTIPLE SIGNIFICANT TRAUMA WITH CC","0","\N"
"965","MDC 24","M","OTHER MULTIPLE SIGNIFICANT TRAUMA WITHOUT CC/MCC","0","\N"
"969","MDC 25","P","HIV WITH EXTENSIVE O.R. PROCEDURES WITH MCC","0","\N"
"970","MDC 25","P","HIV WITH EXTENSIVE O.R. PROCEDURES WITHOUT MCC","0","\N"
"974","MDC 25","M","HIV WITH MAJOR RELATED CONDITION WITH MCC","0","\N"
"975","MDC 25","M","HIV WITH MAJOR RELATED CONDITION WITH CC","0","\N"
"976","MDC 25","M","HIV WITH MAJOR RELATED CONDITION WITHOUT CC/MCC","0","\N"
"977","MDC 25","M","HIV WITH OR WITHOUT OTHER RELATED CONDITION","0","\N"
"981","\N","P","EXTENSIVE O.R. PROCEDURES UNRELATED TO PRINCIPAL DIAGNOSIS WITH MCC","0","\N"
"982","\N","P","EXTENSIVE O.R. PROCEDURES UNRELATED TO PRINCIPAL DIAGNOSIS WITH CC","0","\N"
"983","\N","P","EXTENSIVE O.R. PROCEDURES UNRELATED TO PRINCIPAL DIAGNOSIS WITHOUT CC/MCC","0","\N"
"987","\N","P","NON-EXTENSIVE O.R. PROCEDURES UNRELATED TO PRINCIPAL DIAGNOSIS WITH MCC","0","\N"
"988","\N","P","NON-EXTENSIVE O.R. PROCEDURES UNRELATED TO PRINCIPAL DIAGNOSIS WITH CC","0","\N"
"989","\N","P","NON-EXTENSIVE O.R. PROCEDURES UNRELATED TO PRINCIPAL DIAGNOSIS WITHOUT CC/MCC","0","\N"
"998","\N","","PRINCIPAL DIAGNOSIS INVALID AS DISCHARGE DIAGNOSIS","0","\N"
"999","\N","","UNGROUPABLE","0","\N"
"009","\N","\N","Bone marrow transplant","1","2010-10-01"
"015","\N","\N","Autologous bone marrow transplant","1","2011-10-01"
"129","\N","\N","Major head & neck procedures w CC/MCC or major device","1","2020-10-01"
"130","\N","\N","Major head & neck procedures w/o CC/MCC","1","2020-10-01"
"131","\N","\N","Cranial/facial procedures w CC/MCC","1","2020-10-01"
"132","\N","\N","Cranial/facial procedures w/o CC/MCC","1","2020-10-01"
"133","\N","\N","Other ear, nose, mouth & throat O.R. procedures w CC/MCC","1","2020-10-01"
"134","\N","\N","Other ear, nose, mouth & throat O.R. procedures w/o CC/MCC","1","2020-10-01"
"222","05","Surgical","Cardiac defibrillator implant with cardiac catheterization with AMI, HF or shock with MCC","1","2023-10-01"
"223","05","Surgical","Cardiac defibrillator implant with cardiac catheterization with AMI, HF or shock without MCC","1","2023-10-01"
"224","05","Surgical","Cardiac defibrillator implant with cardiac catheterization without AMI, HF or shock with MCC","1","2023-10-01"
"225","05","Surgical","Cardiac defibrillator implant with cardiac catheterization without AMI, HF or shock without MCC","1","2023-10-01"
"226","05","Surgical","Cardiac defibrillator implant without cardiac catheterization with MCC","1","2023-10-01"
"227","05","Surgical","Cardiac defibrillator implant without cardiac catheterization without MCC","1","2023-10-01"
"230","\N","\N","Other cardiothoracic procedures w/o CC/MCC","1","2016-10-01"
"237","\N","\N","Major cardiovasc procedures w MCC","1","2015-10-01"
"238","\N","\N","Major cardiovasc procedures w/o MCC","1","2015-10-01"
"246","05","Surgical","Percutaneous cardiovascular procedures with drug-eluting stent with MCC or 4+ arteries or stents","1","2023-10-01"
"247","05","Surgical","Percutaneous cardiovascular procedures with drug-eluting stent without MCC","1","2023-10-01"
"248","05","Surgical","Percutaneous cardiovascular procedures with non-drug-eluting stent with MCC or 4+ arteries or stents","1","2023-10-01"
"249","05","Surgical","Percutaneous cardiovascular procedures with non-drug-eluting stent without MCC","1","2023-10-01"
"338","06","Surgical","Appendectomy with complicated principal diagnosis with MCC","1","2023-10-01"
"339","06","Surgical","Appendectomy with complicated principal diagnosis with CC","1","2023-10-01"
"340","06","Surgical","Appendectomy with complicated principal diagnosis without CC/MCC","1","2023-10-01"
"341","06","Surgical","Appendectomy without complicated principal diagnosis with MCC","1","2023-10-01"
"342","06","Surgical","Appendectomy without complicated principal diagnosis with CC","1","2023-10-01"
"343","06","Surgical","Appendectomy without complicated principal diagnosis without CC/MCC","1","2023-10-01"
"484","\N","\N","Major joint & limb reattachment proc of upper extremity w/o CC/MCC","1","2014-10-01"
"490","\N","\N","Back & neck proc exc spinal fusion w CC/MCC or disc device/neurostim","1","2014-10-01"
"491","\N","\N","Back & neck proc exc spinal fusion w/o CC/MCC","1","2014-10-01"
"685","\N","\N","Admit for renal dialysis","1","2018-10-01"
"691","\N","\N","Urinary stones w esw lithotripsy w CC/MCC","1","2019-10-01"
"692","\N","\N","Urinary stones w esw lithotripsy w/o CC/MCC","1","2019-10-01"
"765","\N","\N","Cesarean section w CC/MCC","1","2018-10-01"
"766","\N","\N","Cesarean section w/o CC/MCC","1","2018-10-01"
"767","\N","\N","Vaginal delivery w sterilization &/or D&C","1","2018-10-01"
"774","\N","\N","Vaginal delivery w complicating diagnoses","1","2018-10-01"
"775","\N","\N","Vaginal delivery w/o complicating diagnoses","1","2018-10-01"
"777","\N","\N","Ectopic pregnancy","1","2018-10-01"
"778","\N","\N","Threatened abortion","1","2018-10-01"
"780","\N","\N","False labor","1","2018-10-01"
"781","\N","\N","Other antepartum diagnoses w medical complications","1","2018-10-01"
"782","\N","\N","Other antepartum diagnoses w/o medical complications","1","2018-10-01"
"984","\N","\N","Prostatic O.R. procedure unrelated to principal diagnosis w MCC","1","2017-10-01"
"985","\N","\N","Prostatic O.R. procedure unrelated to principal diagnosis w CC","1","2017-10-01"
"986","\N","\N","Prostatic O.R. procedure unrelated to principal diagnosis w/o CC/MCC","1","2017-10-01"
